TeamId,TeamName,SubmissionDate,Score
395157,"Rafał Jankowski","2016-10-28 23:11:33",0.00000
395318,"David B. Arenas","2016-10-29 10:16:56",0.00000
395579,AnkushJain,"2016-10-29 22:23:06",0.00000
396568,Satya,"2016-10-31 21:40:53",0.01837
395579,AnkushJain,"2016-11-01 12:03:38",0.03577
400373,"Juan Ignacio Gil Gómez","2016-11-06 18:29:42",0.00000
400829,SRK,"2016-11-07 14:05:22",0.06825
400833,5agado,"2016-11-07 14:10:53",0.00000
400833,5agado,"2016-11-08 11:43:30",0.00078
402432,sbrezani,"2016-11-08 12:04:50",0.04841
402468,"Yunfeng Zhu","2016-11-08 13:35:57",0.01293
402558,anokas,"2016-11-08 16:57:24",0.06991
402558,anokas,"2016-11-08 17:01:56",0.07171
402675,MLWizard,"2016-11-08 21:07:57",0.06566
402675,MLWizard,"2016-11-08 23:25:59",0.06570
403437,anhgemus,"2016-11-10 10:44:25",0.06937
402432,sbrezani,"2016-11-10 11:28:27",0.06509
405375,poyuwu,"2016-11-13 20:19:48",0.01222
405374,AissaElOuafi,"2016-11-13 20:30:24",0.02649
405374,AissaElOuafi,"2016-11-13 22:33:04",0.03297
405375,poyuwu,"2016-11-14 07:42:48",0.01583
405375,poyuwu,"2016-11-14 09:17:08",0.01723
405008,大金,"2016-11-14 11:24:32",0.06873
405721,"Yang-de Chen","2016-11-14 11:35:33",0.02855
405008,大金,"2016-11-14 11:36:58",0.07685
405721,"Yang-de Chen","2016-11-14 11:40:46",0.03218
405008,大金,"2016-11-14 11:45:11",0.07703
405008,大金,"2016-11-14 11:48:23",0.07984
405830,---------------獵人試煉---------------,"2016-11-14 11:58:03",0.08104
405721,"Yang-de Chen","2016-11-14 12:11:36",0.03406
405721,"Yang-de Chen","2016-11-14 12:13:21",0.06783
395318,"David B. Arenas","2016-11-14 13:36:33",0.07058
405906,^^^^^^^貪婪之島^^^^^^^,"2016-11-14 14:02:20",0.05515
405721,"Yang-de Chen","2016-11-15 02:25:18",0.07153
402890,"Istvan Nagy","2016-11-15 23:40:11",0.15196
402890,"Istvan Nagy","2016-11-15 23:56:44",0.15225
407706,sourish,"2016-11-16 09:20:16",0.07123
405374,AissaElOuafi,"2016-11-16 10:34:02",0.03350
409670,dileep,"2016-11-17 11:25:04",0.06862
405721,"Yang-de Chen","2016-11-17 12:34:25",0.08363
405721,"Yang-de Chen","2016-11-17 13:15:48",0.08412
405204,jycs,"2016-11-18 02:18:41",0.06991
405721,"Yang-de Chen","2016-11-18 10:20:01",0.08574
405721,"Yang-de Chen","2016-11-18 11:45:16",0.08670
405721,"Yang-de Chen","2016-11-18 12:26:55",0.09613
410610,"Piotr Dziedzic","2016-11-18 13:07:46",0.05902
410610,"Piotr Dziedzic","2016-11-18 13:20:30",0.06278
410636,"Mathurin Aché","2016-11-18 13:49:24",0.07171
402890,"Istvan Nagy","2016-11-18 14:42:02",0.15545
402890,"Istvan Nagy","2016-11-18 15:58:03",0.15555
410950,"Evan Oman","2016-11-18 22:27:10",0.00000
410950,"Evan Oman","2016-11-18 22:32:35",0.00671
405721,"Yang-de Chen","2016-11-19 05:38:48",0.11500
405721,"Yang-de Chen","2016-11-19 05:41:05",0.11770
395579,AnkushJain,"2016-11-19 14:43:42",0.07020
395579,AnkushJain,"2016-11-19 18:42:05",0.09192
410610,"Piotr Dziedzic","2016-11-20 09:21:29",0.06516
410610,"Piotr Dziedzic","2016-11-20 09:35:46",0.06567
410610,"Piotr Dziedzic","2016-11-20 10:34:30",0.07143
395579,AnkushJain,"2016-11-20 15:08:53",0.09344
395579,AnkushJain,"2016-11-20 15:33:10",0.09506
410610,"Piotr Dziedzic","2016-11-20 15:42:41",0.07160
395579,AnkushJain,"2016-11-21 04:32:24",0.11307
395579,AnkushJain,"2016-11-21 04:46:46",0.11318
395579,AnkushJain,"2016-11-21 05:18:37",0.11453
410950,"Evan Oman","2016-11-21 07:06:27",0.01170
405721,"Yang-de Chen","2016-11-21 08:15:11",0.11879
410610,"Piotr Dziedzic","2016-11-21 08:45:09",0.07363
405721,"Yang-de Chen","2016-11-21 09:31:11",0.11966
410610,"Piotr Dziedzic","2016-11-21 12:48:41",0.07451
410610,"Piotr Dziedzic","2016-11-21 14:19:23",0.07470
412715,"Haritha Elango","2016-11-21 15:40:48",0.05702
412715,"Haritha Elango","2016-11-21 16:19:31",0.07057
412715,"Haritha Elango","2016-11-21 17:55:21",0.10881
400829,SRK,"2016-11-22 11:44:47",0.08383
400829,SRK,"2016-11-22 12:51:44",0.08453
410950,"Evan Oman","2016-11-23 05:34:32",0.03415
413405,"Karol Grzegorczyk","2016-11-23 12:32:36",0.10031
413405,"Karol Grzegorczyk","2016-11-23 13:40:33",0.11929
395579,AnkushJain,"2016-11-23 17:05:28",0.11757
395579,AnkushJain,"2016-11-23 17:42:39",0.11975
395579,AnkushJain,"2016-11-23 17:57:39",0.13000
414194,"Zulfat Miftahutdinov","2016-11-23 20:38:59",0.09812
395579,AnkushJain,"2016-11-24 08:15:17",0.13199
395579,AnkushJain,"2016-11-24 08:35:16",0.13222
395579,AnkushJain,"2016-11-24 08:43:43",0.13351
414781,"Prakhar Agarwal","2016-11-24 17:35:16",0.08453
415012,connectwithghosh,"2016-11-25 05:42:25",0.05002
415012,connectwithghosh,"2016-11-25 06:17:27",0.05044
415012,connectwithghosh,"2016-11-25 15:07:26",0.06277
410636,"Mathurin Aché","2016-11-26 11:03:15",0.08453
413405,"Karol Grzegorczyk","2016-11-26 12:45:43",0.12048
413405,"Karol Grzegorczyk","2016-11-26 13:15:15",0.16377
413405,"Karol Grzegorczyk","2016-11-26 13:53:47",0.19683
415012,connectwithghosh,"2016-11-26 16:11:13",0.06377
415672,"Anton Alexandrov","2016-11-26 16:41:36",0.03917
415672,"Anton Alexandrov","2016-11-26 16:42:23",0.05056
415672,"Anton Alexandrov","2016-11-26 16:43:47",0.05419
415672,"Anton Alexandrov","2016-11-26 16:48:33",0.05696
415672,"Anton Alexandrov","2016-11-26 20:35:00",0.05716
415986,"S L Happy","2016-11-27 05:03:40",0.08418
415672,"Anton Alexandrov","2016-11-27 10:25:07",0.07858
416073,nickl,"2016-11-27 10:41:54",0.08467
415672,"Anton Alexandrov","2016-11-27 10:42:11",0.08238
415672,"Anton Alexandrov","2016-11-27 12:12:44",0.08472
416225,"Ilya Siganov","2016-11-27 17:07:17",0.03951
398387,paopao,"2016-11-28 00:26:11",0.04863
415012,connectwithghosh,"2016-11-28 05:22:28",0.06519
416676,"Raed Marouf","2016-11-28 08:28:24",0.00000
416676,"Raed Marouf","2016-11-28 08:30:13",0.01488
416225,"Ilya Siganov","2016-11-28 09:34:39",0.04037
398387,paopao,"2016-11-28 12:50:58",0.04970
416903,NTU_b02901115_博士的愛情攻勢,"2016-11-28 15:20:52",0.00000
416964,NTU_r05922062_崩潰研究生取暖團,"2016-11-28 16:52:03",0.00000
417022,eponymous,"2016-11-28 18:48:32",0.00757
417420,NTU_f04942066_ML抱腿團,"2016-11-29 08:32:00",0.00000
415012,connectwithghosh,"2016-11-29 10:03:27",0.07074
417553,NTU_b02901102_尊重友善包容理解,"2016-11-29 12:48:14",0.00000
415012,connectwithghosh,"2016-11-29 12:58:11",0.07362
415012,connectwithghosh,"2016-11-29 13:41:28",0.07430
417625,NTU_r05922050_硬派老奶奶,"2016-11-29 14:47:55",0.00000
417754,DataStar,"2016-11-29 17:56:35",0.00000
417754,DataStar,"2016-11-29 18:01:54",0.07171
418073,NTU_b02901086_0912124278宋董事長,"2016-11-30 03:43:38",0.00000
417964,NTU_r05922005_Sara戰隊1號,"2016-11-30 07:29:32",0.00000
415012,connectwithghosh,"2016-11-30 09:03:22",0.08178
402468,"Yunfeng Zhu","2016-11-30 10:55:17",0.10712
418379,NTU_r05922034_henryhenry,"2016-11-30 13:38:29",0.00000
418416,"Gary Ng","2016-11-30 14:16:20",0.06891
418416,"Gary Ng","2016-11-30 14:45:31",0.08125
418416,"Gary Ng","2016-11-30 14:58:30",0.08348
402468,"Yunfeng Zhu","2016-11-30 16:33:40",0.18014
418633,"W. Yifan","2016-11-30 19:07:46",0.08602
418633,"W. Yifan","2016-11-30 22:16:27",0.08603
418862,NTU_b02901068_Benasonic,"2016-12-01 01:12:35",0.00000
417293,NTU_r04922108_哈根大隻,"2016-12-01 06:45:08",0.00000
416534,NTU_b02901056_toothless,"2016-12-01 06:45:40",0.00000
419025,NTU_r05943002_我不要跑馬拉松,"2016-12-01 07:06:40",0.00000
418991,NTU_b01901001_q86,"2016-12-01 07:09:12",0.00000
416913,NTU_b02901031_大🐔🐔,"2016-12-01 07:21:45",0.00000
415012,connectwithghosh,"2016-12-01 08:01:49",0.08242
419102,NTU_r04942070_進擊的邊緣人,"2016-12-01 09:20:28",0.00000
419241,NTU_r04943092_教授我好想畢業啊,"2016-12-01 12:46:12",0.00000
419422,NTU_b03901057_XXXYYY什麼鬼都可以吧,"2016-12-01 15:39:47",0.00000
418375,NTU_b03902010_機率可以軟化邏輯小黃瓜,"2016-12-01 17:07:40",0.00000
420019,Aquilla,"2016-12-01 19:47:17",0.03064
420019,Aquilla,"2016-12-01 19:48:22",0.08453
420442,"Totally From the UN","2016-12-01 22:49:47",0.03008
420442,"Totally From the UN","2016-12-01 22:55:02",0.03493
418444,"NTU_b01901160_先～生，你不能碰我肩膀。 我今天，不是不爽你叫我起來喔，我是不爽你碰我肩膀喔","2016-12-02 02:30:04",0.00000
416587,NTU_r05922027_1丁讚讚讚,"2016-12-02 02:36:32",0.00000
418471,NTU_b02504036_A_da_GG,"2016-12-02 03:28:09",0.00000
420760,NTU_R05921050_Corpse,"2016-12-02 03:28:17",0.00000
419225,NTU_r05922148_那大家先決定隊名吧,"2016-12-02 03:35:04",0.00000
416635,"NTU_r04945041_願便斗託神以便便不絕之效; 不效, 都是they的罪, 全部抓去做花肥. 若無興廁之便, 則大吃大喝, 以充其源。便斗亦宜自嗑, 以諮諏屎道, 察納恭言, 深追屎帝遺臭, 神樂勝受嗯感激。  今當茅坑, 臨表便迄, 步吃所贏.  〈出屎表〉東京屎神·嗑易, 字出恭. 105.11.18（初版）","2016-12-02 03:35:32",0.00000
419157,"NTU_b03901133_Please Search and Like turtur&tuantuan Fanpage on FB","2016-12-02 03:35:43",0.00000
416939,NTU_b03901016_HeavyPig,"2016-12-02 03:37:50",0.00000
419087,"NTU_r05942042_R20? Daikin R32 is the new trend! A___________A","2016-12-02 04:02:49",0.00000
417661,NTU_b02901072_喬諳隊,"2016-12-02 04:27:13",0.00000
418965,NTU_b02901028_肌棄踅襲,"2016-12-02 04:40:39",0.00000
419165,NTU_b02901001_好多好多柳丁腳踏車,"2016-12-02 04:50:18",0.00000
419336,NTU_b02901180_請輸入隊名,"2016-12-02 04:59:03",0.00000
416843,"NTU_b02901053_Ayou7995 needs girlfriends plzContact（+886）918836002","2016-12-02 05:05:44",0.00000
416882,NTU_r04921103_摩擦摩擦,"2016-12-02 05:09:56",0.00000
414969,"NTU_b02901004_hail jas","2016-12-02 05:28:01",0.00000
417318,NTU_r05922094_DT217,"2016-12-02 05:28:08",0.00000
419133,NTU_r04943150_乂↘㊣陳。識宇㊣↖乂,"2016-12-02 05:31:34",0.00000
416173,NTU_r03921101_我是工具王,"2016-12-02 05:40:55",0.00000
421009,NTU_b01901112_🐭🐂🐯🐰🐲🐍🐎🐑🐒🐔🐶🐷_,"2016-12-02 05:43:53",0.00000
419289,NTU_b03202047_百變怪,"2016-12-02 06:02:36",0.00000
417654,NTU_b02202026_QAQ,"2016-12-02 06:04:46",0.00000
419301,NTU_b02902012_龍が我が敵を喰らう！！！,"2016-12-02 06:24:56",0.00000
417608,NTU_r05922077_Sara戰隊2號,"2016-12-02 06:39:40",0.00000
419453,NTU_b02902093_公館金城武,"2016-12-02 06:55:22",0.00000
421122,NTU_b03901056_EE+CS,"2016-12-02 07:07:26",0.00000
419279,"NTU_r05942040_ 我不是蘿莉控 只是我喜歡的女生 都剛好是蘿莉(ˋ・ω・ˊ)","2016-12-02 08:10:46",0.00000
421196,NTU_r05921004_FourPeople,"2016-12-02 08:15:21",0.00000
415010,NTU_r04921002_RCL西老搞,"2016-12-02 09:25:14",0.00000
419263,NTU_r05921012_四個大帥哥要成為ML訓練師,"2016-12-02 10:28:25",0.00000
419011,NTU_r04921055_台港澳最強下路組合,"2016-12-02 11:08:18",0.00000
421415,"NTU_b02902041_我的一半是由雷姆的愛 另一半是由雷姆的思戀組成的 這樣說也不過分哦","2016-12-02 11:33:27",0.00000
419339,"NTU_b02901032_Nihon Ichiban","2016-12-02 11:38:49",0.00000
416073,nickl,"2016-12-02 11:43:11",0.08661
421697,"NTU_b03901036_cool,謝謝謝謝,cool,謝謝謝謝","2016-12-02 15:37:31",0.00000
421718,NTU_b03901027_寫code寫到海枯石爛滄海桑田,"2016-12-02 15:49:58",0.00000
421764,NTU_b02902075_Chubby_Little_Cheeks,"2016-12-02 16:17:09",0.00000
421774,NTU_b02901080_GottaGetThat,"2016-12-02 16:30:42",0.00000
421837,NTU_r04921012_拔起來，要一百萬！,"2016-12-02 17:09:47",0.00000
421903,NTU_b02902077_可惜不是你OuO,"2016-12-02 17:55:07",0.00000
416073,nickl,"2016-12-03 11:27:31",0.08724
416073,nickl,"2016-12-03 11:57:49",0.08885
422797,NTU_r04942131_加油好嗎,"2016-12-03 15:10:47",0.00000
416073,nickl,"2016-12-04 10:14:55",0.08946
423658,TJin,"2016-12-04 13:29:45",0.03352
423737,"Thalles Domician [BCC]","2016-12-04 15:11:17",0.00520
423737,"Thalles Domician [BCC]","2016-12-04 15:30:34",0.02083
423737,"Thalles Domician [BCC]","2016-12-04 15:47:47",0.02385
423754,NTU_b03902130_trans,"2016-12-04 17:19:08",0.00000
423737,"Thalles Domician [BCC]","2016-12-04 17:35:24",0.03628
423737,"Thalles Domician [BCC]","2016-12-04 23:41:30",0.08152
421122,NTU_b03901056_EE+CS,"2016-12-05 03:09:27",0.07435
415012,connectwithghosh,"2016-12-05 07:33:53",0.08420
424676,Root,"2016-12-05 09:59:06",0.00515
421122,NTU_b03901056_EE+CS,"2016-12-05 13:41:34",0.08296
423658,TJin,"2016-12-05 16:05:32",0.08423
423737,"Thalles Domician [BCC]","2016-12-05 16:27:52",0.08512
415012,connectwithghosh,"2016-12-05 17:04:31",0.08663
425025,"Neal Xie","2016-12-05 17:16:12",0.08453
423737,"Thalles Domician [BCC]","2016-12-05 19:07:56",0.10216
416073,nickl,"2016-12-06 00:00:37",0.08959
416073,nickl,"2016-12-06 00:01:36",0.09039
421837,NTU_r04921012_拔起來，要一百萬！,"2016-12-06 01:48:02",0.05670
425455,"Anjith George","2016-12-06 03:20:23",0.05670
425462,insist,"2016-12-06 03:35:25",0.08602
415012,connectwithghosh,"2016-12-06 03:44:16",0.09072
400373,"Juan Ignacio Gil Gómez","2016-12-06 13:04:35",0.05959
418965,NTU_b02901028_肌棄踅襲,"2016-12-06 14:48:39",0.00079
421122,NTU_b03901056_EE+CS,"2016-12-06 17:26:13",0.08433
421122,NTU_b03901056_EE+CS,"2016-12-07 02:38:23",0.08979
426611,leelee,"2016-12-07 07:11:39",0.08404
421122,NTU_b03901056_EE+CS,"2016-12-07 07:13:57",0.09020
414969,"NTU_b02901004_hail jas","2016-12-07 08:55:13",0.02280
419289,NTU_b03202047_百變怪,"2016-12-07 08:56:06",0.07760
414969,"NTU_b02901004_hail jas","2016-12-07 10:29:56",0.02623
426875,waitforme,"2016-12-07 15:06:21",0.05670
418965,NTU_b02901028_肌棄踅襲,"2016-12-07 22:06:12",0.08181
427224,rollingstone,"2016-12-07 23:36:43",0.00000
416073,nickl,"2016-12-08 04:25:45",0.09909
416073,nickl,"2016-12-08 04:27:05",0.10093
414969,"NTU_b02901004_hail jas","2016-12-08 05:02:25",0.04153
424676,Root,"2016-12-08 06:58:54",0.07606
416073,nickl,"2016-12-08 07:34:06",0.10404
414969,"NTU_b02901004_hail jas","2016-12-08 07:53:52",0.05899
427727,jimmyjin,"2016-12-08 14:41:15",0.05670
419289,NTU_b03202047_百變怪,"2016-12-08 16:11:36",0.09678
414969,"NTU_b02901004_hail jas","2016-12-08 17:49:08",0.06650
416939,NTU_b03901016_HeavyPig,"2016-12-08 19:10:07",0.05153
416939,NTU_b03901016_HeavyPig,"2016-12-08 19:20:27",0.08602
423737,"Thalles Domician [BCC]","2016-12-08 20:29:56",0.13829
428050,RafaLeo,"2016-12-09 00:27:28",0.05687
424676,Root,"2016-12-09 04:17:51",0.08825
424676,Root,"2016-12-09 04:24:23",0.09472
414969,"NTU_b02901004_hail jas","2016-12-09 07:37:21",0.06870
423737,"Thalles Domician [BCC]","2016-12-09 15:54:17",0.14924
423737,"Thalles Domician [BCC]","2016-12-09 16:42:51",0.16767
423737,"Thalles Domician [BCC]","2016-12-09 16:52:14",0.23168
423737,"Thalles Domician [BCC]","2016-12-09 17:33:38",0.25483
428842,"Miroslav Sabo","2016-12-10 02:19:48",0.04460
400310,Danjiao,"2016-12-10 04:19:02",0.05372
428842,"Miroslav Sabo","2016-12-10 04:32:31",0.06990
419225,NTU_r05922148_那大家先決定隊名吧,"2016-12-10 05:18:48",0.08348
416843,"NTU_b02901053_Ayou7995 needs girlfriends plzContact（+886）918836002","2016-12-10 08:53:52",0.05983
416903,NTU_b02901115_博士的愛情攻勢,"2016-12-10 11:41:21",0.08375
416913,NTU_b02901031_大🐔🐔,"2016-12-10 16:12:11",0.08404
428842,"Miroslav Sabo","2016-12-10 16:47:03",0.09776
417661,NTU_b02901072_喬諳隊,"2016-12-10 18:30:13",0.08427
417661,NTU_b02901072_喬諳隊,"2016-12-10 19:37:09",0.08695
428842,"Miroslav Sabo","2016-12-10 19:42:21",0.10349
416964,NTU_r05922062_崩潰研究生取暖團,"2016-12-11 00:35:57",0.06143
416964,NTU_r05922062_崩潰研究生取暖團,"2016-12-11 00:55:08",0.06635
424676,Root,"2016-12-11 02:16:46",0.09692
428842,"Miroslav Sabo","2016-12-11 02:20:22",0.10512
424676,Root,"2016-12-11 03:16:25",0.09778
417293,NTU_r04922108_哈根大隻,"2016-12-11 03:28:50",0.05648
429437,LinWei,"2016-12-11 04:52:08",0.05153
429437,LinWei,"2016-12-11 04:52:56",0.08603
416964,NTU_r05922062_崩潰研究生取暖團,"2016-12-11 05:03:21",0.08593
429491,Arti163pl,"2016-12-11 07:46:34",0.00132
429491,Arti163pl,"2016-12-11 09:08:04",0.00241
428842,"Miroslav Sabo","2016-12-11 12:14:47",0.11991
418375,NTU_b03902010_機率可以軟化邏輯小黃瓜,"2016-12-11 13:11:43",0.06912
418375,NTU_b03902010_機率可以軟化邏輯小黃瓜,"2016-12-11 13:16:32",0.08315
429637,toshi_k,"2016-12-11 14:44:20",0.07865
416173,NTU_r03921101_我是工具王,"2016-12-11 15:11:18",0.02942
416534,NTU_b02901056_toothless,"2016-12-11 18:49:46",0.08603
414969,"NTU_b02901004_hail jas","2016-12-11 19:09:05",0.09571
429821,GBencke,"2016-12-11 20:57:51",0.00024
417661,NTU_b02901072_喬諳隊,"2016-12-11 21:17:32",0.08697
424676,Root,"2016-12-12 04:13:22",0.10015
410636,"Mathurin Aché","2016-12-12 05:11:09",0.08603
416903,NTU_b02901115_博士的愛情攻勢,"2016-12-12 06:01:18",0.08603
418375,NTU_b03902010_機率可以軟化邏輯小黃瓜,"2016-12-12 07:08:11",0.09057
416173,NTU_r03921101_我是工具王,"2016-12-12 07:11:09",0.04046
418375,NTU_b03902010_機率可以軟化邏輯小黃瓜,"2016-12-12 07:15:59",0.09079
416173,NTU_r03921101_我是工具王,"2016-12-12 09:40:14",0.05032
424676,Root,"2016-12-12 10:15:47",0.10214
424676,Root,"2016-12-12 10:40:19",0.10515
416173,NTU_r03921101_我是工具王,"2016-12-12 13:16:40",0.05449
421196,NTU_r05921004_FourPeople,"2016-12-12 14:09:44",0.05740
418379,NTU_r05922034_henryhenry,"2016-12-12 14:22:17",0.08603
430351,Pierre,"2016-12-12 15:45:58",0.07036
419241,NTU_r04943092_教授我好想畢業啊,"2016-12-12 15:50:18",0.08404
416173,NTU_r03921101_我是工具王,"2016-12-12 17:50:37",0.05736
416843,"NTU_b02901053_Ayou7995 needs girlfriends plzContact（+886）918836002","2016-12-12 17:51:43",0.06145
421196,NTU_r05921004_FourPeople,"2016-12-12 17:59:40",0.06929
416843,"NTU_b02901053_Ayou7995 needs girlfriends plzContact（+886）918836002","2016-12-12 18:07:59",0.06305
417293,NTU_r04922108_哈根大隻,"2016-12-12 18:33:26",0.06116
417293,NTU_r04922108_哈根大隻,"2016-12-12 18:54:28",0.06351
416173,NTU_r03921101_我是工具王,"2016-12-12 18:55:37",0.06657
417293,NTU_r04922108_哈根大隻,"2016-12-12 18:58:30",0.06365
418862,NTU_b02901068_Benasonic,"2016-12-13 03:34:58",0.07048
418862,NTU_b02901068_Benasonic,"2016-12-13 04:12:49",0.08416
419339,"NTU_b02901032_Nihon Ichiban","2016-12-13 04:26:55",0.08009
416964,NTU_r05922062_崩潰研究生取暖團,"2016-12-13 04:34:20",0.08786
416587,NTU_r05922027_1丁讚讚讚,"2016-12-13 05:09:21",0.00839
419339,"NTU_b02901032_Nihon Ichiban","2016-12-13 05:39:15",0.08421
416587,NTU_r05922027_1丁讚讚讚,"2016-12-13 05:51:32",0.00982
416964,NTU_r05922062_崩潰研究生取暖團,"2016-12-13 06:46:31",0.10419
416964,NTU_r05922062_崩潰研究生取暖團,"2016-12-13 07:40:56",0.10515
416587,NTU_r05922027_1丁讚讚讚,"2016-12-13 11:44:13",0.08348
415010,NTU_r04921002_RCL西老搞,"2016-12-13 13:09:16",0.00734
415010,NTU_r04921002_RCL西老搞,"2016-12-13 13:27:22",0.00913
421196,NTU_r05921004_FourPeople,"2016-12-13 14:18:31",0.07151
421196,NTU_r05921004_FourPeople,"2016-12-13 14:36:14",0.07227
402890,"Istvan Nagy","2016-12-13 14:48:19",0.15653
402890,"Istvan Nagy","2016-12-13 15:05:31",0.15658
402890,"Istvan Nagy","2016-12-13 15:32:48",0.15964
402890,"Istvan Nagy","2016-12-13 15:35:59",0.15968
419157,"NTU_b03901133_Please Search and Like turtur&tuantuan Fanpage on FB","2016-12-13 15:40:54",0.05670
416843,"NTU_b02901053_Ayou7995 needs girlfriends plzContact（+886）918836002","2016-12-13 15:50:24",0.07281
419157,"NTU_b03901133_Please Search and Like turtur&tuantuan Fanpage on FB","2016-12-13 17:47:18",0.05833
419157,"NTU_b03901133_Please Search and Like turtur&tuantuan Fanpage on FB","2016-12-13 19:50:58",0.07827
416073,nickl,"2016-12-14 02:08:50",0.11014
416964,NTU_r05922062_崩潰研究生取暖團,"2016-12-14 04:16:08",0.10519
415010,NTU_r04921002_RCL西老搞,"2016-12-14 07:39:51",0.08461
420760,NTU_R05921050_Corpse,"2016-12-14 07:52:58",0.07788
416843,"NTU_b02901053_Ayou7995 needs girlfriends plzContact（+886）918836002","2016-12-14 08:21:20",0.08447
402890,"Istvan Nagy","2016-12-14 09:41:48",0.17633
416073,nickl,"2016-12-14 09:48:27",0.11141
417293,NTU_r04922108_哈根大隻,"2016-12-14 10:51:36",0.09338
419422,NTU_b03901057_XXXYYY什麼鬼都可以吧,"2016-12-14 11:24:21",0.07617
418073,NTU_b02901086_0912124278宋董事長,"2016-12-14 11:58:17",0.08419
418991,NTU_b01901001_q86,"2016-12-14 13:12:41",0.08403
417625,NTU_r05922050_硬派老奶奶,"2016-12-14 13:52:14",0.05648
424676,Root,"2016-12-14 13:56:24",0.10640
419157,"NTU_b03901133_Please Search and Like turtur&tuantuan Fanpage on FB","2016-12-14 14:05:29",0.07836
419087,"NTU_r05942042_R20? Daikin R32 is the new trend! A___________A","2016-12-14 14:08:08",0.06128
418471,NTU_b02504036_A_da_GG,"2016-12-14 14:44:12",0.08453
419422,NTU_b03901057_XXXYYY什麼鬼都可以吧,"2016-12-14 15:10:11",0.08506
419165,NTU_b02901001_好多好多柳丁腳踏車,"2016-12-14 16:48:31",0.06369
419263,NTU_r05921012_四個大帥哥要成為ML訓練師,"2016-12-14 17:24:46",0.01200
419279,"NTU_r05942040_ 我不是蘿莉控 只是我喜歡的女生 都剛好是蘿莉(ˋ・ω・ˊ)","2016-12-14 17:41:38",0.07956
419165,NTU_b02901001_好多好多柳丁腳踏車,"2016-12-14 17:59:23",0.06454
419279,"NTU_r05942040_ 我不是蘿莉控 只是我喜歡的女生 都剛好是蘿莉(ˋ・ω・ˊ)","2016-12-14 18:01:53",0.08160
416173,NTU_r03921101_我是工具王,"2016-12-14 18:56:52",0.07756
414969,"NTU_b02901004_hail jas","2016-12-14 19:18:53",0.09577
416173,NTU_r03921101_我是工具王,"2016-12-14 20:39:45",0.07773
402890,"Istvan Nagy","2016-12-14 22:17:06",0.17753
416635,"NTU_r04945041_願便斗託神以便便不絕之效; 不效, 都是they的罪, 全部抓去做花肥. 若無興廁之便, 則大吃大喝, 以充其源。便斗亦宜自嗑, 以諮諏屎道, 察納恭言, 深追屎帝遺臭, 神樂勝受嗯感激。  今當茅坑, 臨表便迄, 步吃所贏.  〈出屎表〉東京屎神·嗑易, 字出恭. 105.11.18（初版）","2016-12-14 23:23:47",0.07779
416635,"NTU_r04945041_願便斗託神以便便不絕之效; 不效, 都是they的罪, 全部抓去做花肥. 若無興廁之便, 則大吃大喝, 以充其源。便斗亦宜自嗑, 以諮諏屎道, 察納恭言, 深追屎帝遺臭, 神樂勝受嗯感激。  今當茅坑, 臨表便迄, 步吃所贏.  〈出屎表〉東京屎神·嗑易, 字出恭. 105.11.18（初版）","2016-12-14 23:52:19",0.08420
432268,"Monster and where they born","2016-12-15 01:42:33",0.05670
416964,NTU_r05922062_崩潰研究生取暖團,"2016-12-15 01:43:18",0.10529
419087,"NTU_r05942042_R20? Daikin R32 is the new trend! A___________A","2016-12-15 05:34:34",0.08675
414969,"NTU_b02901004_hail jas","2016-12-15 05:56:02",0.10165
402890,"Istvan Nagy","2016-12-15 06:59:26",0.21635
419165,NTU_b02901001_好多好多柳丁腳踏車,"2016-12-15 07:25:56",0.08004
419165,NTU_b02901001_好多好多柳丁腳踏車,"2016-12-15 07:47:03",0.09208
424676,Root,"2016-12-15 07:52:46",0.11053
419157,"NTU_b03901133_Please Search and Like turtur&tuantuan Fanpage on FB","2016-12-15 09:07:34",0.08602
424676,Root,"2016-12-15 09:48:01",0.11418
417293,NTU_r04922108_哈根大隻,"2016-12-15 12:17:42",0.09496
402890,"Istvan Nagy","2016-12-15 12:53:54",0.21735
402890,"Istvan Nagy","2016-12-15 12:58:40",0.21996
419102,NTU_r04942070_進擊的邊緣人,"2016-12-15 13:21:22",0.08603
419301,NTU_b02902012_龍が我が敵を喰らう！！！,"2016-12-15 13:39:12",0.08675
417625,NTU_r05922050_硬派老奶奶,"2016-12-15 14:31:23",0.08169
419263,NTU_r05921012_四個大帥哥要成為ML訓練師,"2016-12-15 15:14:19",0.06829
416173,NTU_r03921101_我是工具王,"2016-12-15 15:49:43",0.08550
421196,NTU_r05921004_FourPeople,"2016-12-15 17:01:05",0.10355
419263,NTU_r05921012_四個大帥哥要成為ML訓練師,"2016-12-15 18:21:11",0.07695
419263,NTU_r05921012_四個大帥哥要成為ML訓練師,"2016-12-15 18:42:26",0.08054
421009,NTU_b01901112_🐭🐂🐯🐰🐲🐍🐎🐑🐒🐔🐶🐷_,"2016-12-15 19:28:08",0.03221
421415,"NTU_b02902041_我的一半是由雷姆的愛 另一半是由雷姆的思戀組成的 這樣說也不過分哦","2016-12-15 19:44:39",0.04178
419133,NTU_r04943150_乂↘㊣陳。識宇㊣↖乂,"2016-12-15 19:49:18",0.05134
421718,NTU_b03901027_寫code寫到海枯石爛滄海桑田,"2016-12-15 20:51:44",0.00183
419453,NTU_b02902093_公館金城武,"2016-12-15 21:24:54",0.04820
419453,NTU_b02902093_公館金城武,"2016-12-15 21:27:54",0.06061
419453,NTU_b02902093_公館金城武,"2016-12-15 21:29:15",0.06694
419453,NTU_b02902093_公館金城武,"2016-12-15 21:30:48",0.06987
419453,NTU_b02902093_公館金城武,"2016-12-15 21:33:27",0.07130
419263,NTU_r05921012_四個大帥哥要成為ML訓練師,"2016-12-16 00:04:20",0.08081
414969,"NTU_b02901004_hail jas","2016-12-16 01:17:40",0.11366
421837,NTU_r04921012_拔起來，要一百萬！,"2016-12-16 02:08:44",0.08348
417420,NTU_f04942066_ML抱腿團,"2016-12-16 05:50:34",0.05648
421415,"NTU_b02902041_我的一半是由雷姆的愛 另一半是由雷姆的思戀組成的 這樣說也不過分哦","2016-12-16 08:09:01",0.08348
419133,NTU_r04943150_乂↘㊣陳。識宇㊣↖乂,"2016-12-16 08:25:25",0.05429
417420,NTU_f04942066_ML抱腿團,"2016-12-16 08:35:18",0.08348
421718,NTU_b03901027_寫code寫到海枯石爛滄海桑田,"2016-12-16 08:57:13",0.05153
421718,NTU_b03901027_寫code寫到海枯石爛滄海桑田,"2016-12-16 09:07:59",0.05153
421718,NTU_b03901027_寫code寫到海枯石爛滄海桑田,"2016-12-16 09:10:05",0.08348
419133,NTU_r04943150_乂↘㊣陳。識宇㊣↖乂,"2016-12-16 10:07:13",0.07975
419133,NTU_r04943150_乂↘㊣陳。識宇㊣↖乂,"2016-12-16 10:17:08",0.08086
433234,"Aleksei Solovev","2016-12-16 11:14:46",0.08293
405906,^^^^^^^貪婪之島^^^^^^^,"2016-12-16 12:47:42",0.11770
433291,windforever,"2016-12-16 13:16:27",0.00940
433291,windforever,"2016-12-16 13:18:27",0.08403
433234,"Aleksei Solovev","2016-12-16 13:48:49",0.08573
416964,NTU_r05922062_崩潰研究生取暖團,"2016-12-16 14:28:38",0.11307
416964,NTU_r05922062_崩潰研究生取暖團,"2016-12-16 14:39:51",0.11320
429818,FlorenciaSpinella,"2016-12-16 17:56:20",0.05311
414969,"NTU_b02901004_hail jas","2016-12-16 18:02:31",0.11439
417654,NTU_b02202026_QAQ,"2016-12-16 19:55:23",0.01699
417654,NTU_b02202026_QAQ,"2016-12-16 20:52:49",0.05613
416635,"NTU_r04945041_願便斗託神以便便不絕之效; 不效, 都是they的罪, 全部抓去做花肥. 若無興廁之便, 則大吃大喝, 以充其源。便斗亦宜自嗑, 以諮諏屎道, 察納恭言, 深追屎帝遺臭, 神樂勝受嗯感激。  今當茅坑, 臨表便迄, 步吃所贏.  〈出屎表〉東京屎神·嗑易, 字出恭. 105.11.18（初版）","2016-12-16 23:48:33",0.08603
433593,NeoPalmas,"2016-12-17 01:35:06",0.04255
400310,Danjiao,"2016-12-17 03:21:16",0.06714
429437,LinWei,"2016-12-17 03:51:12",0.14731
429437,LinWei,"2016-12-17 05:39:57",0.15832
433697,Sadahanu,"2016-12-17 07:07:53",0.00004
433697,Sadahanu,"2016-12-17 07:23:05",0.04911
433697,Sadahanu,"2016-12-17 08:56:56",0.06824
433234,"Aleksei Solovev","2016-12-17 14:02:55",0.18376
414969,"NTU_b02901004_hail jas","2016-12-17 17:26:44",0.12048
419133,NTU_r04943150_乂↘㊣陳。識宇㊣↖乂,"2016-12-18 04:15:40",0.08348
414969,"NTU_b02901004_hail jas","2016-12-18 09:15:14",0.12538
414969,"NTU_b02901004_hail jas","2016-12-18 11:16:17",0.13340
416635,"NTU_r04945041_願便斗託神以便便不絕之效; 不效, 都是they的罪, 全部抓去做花肥. 若無興廁之便, 則大吃大喝, 以充其源。便斗亦宜自嗑, 以諮諏屎道, 察納恭言, 深追屎帝遺臭, 神樂勝受嗯感激。  今當茅坑, 臨表便迄, 步吃所贏.  〈出屎表〉東京屎神·嗑易, 字出恭. 105.11.18（初版）","2016-12-18 12:00:35",0.08864
414969,"NTU_b02901004_hail jas","2016-12-18 15:44:10",0.13638
416964,NTU_r05922062_崩潰研究生取暖團,"2016-12-18 18:04:45",0.11526
414969,"NTU_b02901004_hail jas","2016-12-18 18:24:31",0.14162
416964,NTU_r05922062_崩潰研究生取暖團,"2016-12-19 01:34:19",0.11736
416964,NTU_r05922062_崩潰研究生取暖團,"2016-12-19 01:36:10",0.11793
416964,NTU_r05922062_崩潰研究生取暖團,"2016-12-19 01:41:39",0.11844
416964,NTU_r05922062_崩潰研究生取暖團,"2016-12-19 01:50:52",0.11901
427769,"Arjun Variar","2016-12-19 10:01:14",0.00002
434868,МихаилНасадкин,"2016-12-19 11:15:39",0.07205
434868,МихаилНасадкин,"2016-12-19 13:08:25",0.08122
416587,NTU_r05922027_1丁讚讚讚,"2016-12-19 13:21:19",0.08352
418375,NTU_b03902010_機率可以軟化邏輯小黃瓜,"2016-12-19 13:29:48",0.09093
414969,"NTU_b02901004_hail jas","2016-12-19 15:04:55",0.14736
414969,"NTU_b02901004_hail jas","2016-12-19 18:25:42",0.14850
418375,NTU_b03902010_機率可以軟化邏輯小黃瓜,"2016-12-20 02:28:22",0.10148
427769,"Arjun Variar","2016-12-20 04:41:10",0.00163
420760,NTU_R05921050_Corpse,"2016-12-20 07:49:12",0.08395
418375,NTU_b03902010_機率可以軟化邏輯小黃瓜,"2016-12-20 08:31:54",0.10301
435391,Dokato,"2016-12-20 09:09:20",0.00620
435413,Amélie,"2016-12-20 09:19:52",0.00071
435391,Dokato,"2016-12-20 09:26:21",0.00984
419087,"NTU_r05942042_R20? Daikin R32 is the new trend! A___________A","2016-12-20 11:56:27",0.09162
419087,"NTU_r05942042_R20? Daikin R32 is the new trend! A___________A","2016-12-20 12:40:27",0.09172
435569,"Prajit Datta","2016-12-20 13:47:46",0.08348
419133,NTU_r04943150_乂↘㊣陳。識宇㊣↖乂,"2016-12-20 15:35:38",0.08539
419133,NTU_r04943150_乂↘㊣陳。識宇㊣↖乂,"2016-12-20 16:35:28",0.08840
435690,"R. Heikkilä","2016-12-20 17:29:46",0.05944
435690,"R. Heikkilä","2016-12-20 17:51:02",0.06666
429070,JakubZawiślak,"2016-12-20 21:41:49",0.00000
416587,NTU_r05922027_1丁讚讚讚,"2016-12-21 01:15:30",0.08802
419133,NTU_r04943150_乂↘㊣陳。識宇㊣↖乂,"2016-12-21 05:05:57",0.09143
435569,"Prajit Datta","2016-12-21 05:58:51",0.08603
418965,NTU_b02901028_肌棄踅襲,"2016-12-21 06:23:09",0.08493
427769,"Arjun Variar","2016-12-21 07:00:58",0.27215
433382,jdwang,"2016-12-21 07:44:32",0.00000
433382,jdwang,"2016-12-21 08:35:43",0.05024
433382,jdwang,"2016-12-21 08:54:52",0.05681
433382,jdwang,"2016-12-21 09:31:27",0.06443
435516,"Sam C","2016-12-21 10:07:44",0.00000
419225,NTU_r05922148_那大家先決定隊名吧,"2016-12-21 12:49:40",0.09227
419133,NTU_r04943150_乂↘㊣陳。識宇㊣↖乂,"2016-12-21 13:52:39",0.09315
436271,"David Black","2016-12-21 14:43:16",0.00016
419225,NTU_r05922148_那大家先決定隊名吧,"2016-12-21 16:39:37",0.09281
419133,NTU_r04943150_乂↘㊣陳。識宇㊣↖乂,"2016-12-21 16:51:13",0.09606
400833,5agado,"2016-12-21 17:11:06",0.01026
400833,5agado,"2016-12-21 17:46:34",0.03836
418862,NTU_b02901068_Benasonic,"2016-12-22 01:02:58",0.08566
427769,"Arjun Variar","2016-12-22 02:37:32",0.29412
415012,connectwithghosh,"2016-12-22 11:52:47",0.18073
418862,NTU_b02901068_Benasonic,"2016-12-22 12:14:51",0.09784
414969,"NTU_b02901004_hail jas","2016-12-22 12:19:04",0.15329
436874,binwang,"2016-12-22 13:21:55",0.05648
418862,NTU_b02901068_Benasonic,"2016-12-22 13:32:02",0.09809
416173,NTU_r03921101_我是工具王,"2016-12-22 18:46:03",0.08777
436874,binwang,"2016-12-23 02:05:11",0.18014
419133,NTU_r04943150_乂↘㊣陳。識宇㊣↖乂,"2016-12-23 15:46:44",0.10209
419133,NTU_r04943150_乂↘㊣陳。識宇㊣↖乂,"2016-12-23 16:31:01",0.10252
419133,NTU_r04943150_乂↘㊣陳。識宇㊣↖乂,"2016-12-23 18:31:27",0.10298
437634,"Ilias Liapikos","2016-12-24 00:00:10",0.05670
433382,jdwang,"2016-12-24 03:34:16",0.06905
415067,newbee,"2016-12-24 09:22:19",0.00168
419225,NTU_r05922148_那大家先決定隊名吧,"2016-12-24 10:17:09",0.09569
418375,NTU_b03902010_機率可以軟化邏輯小黃瓜,"2016-12-24 10:29:34",0.10370
418375,NTU_b03902010_機率可以軟化邏輯小黃瓜,"2016-12-24 10:50:16",0.10467
419133,NTU_r04943150_乂↘㊣陳。識宇㊣↖乂,"2016-12-24 11:19:31",0.10310
432855,thanterm,"2016-12-24 15:46:15",0.00357
419289,NTU_b03202047_百變怪,"2016-12-24 16:42:06",0.10817
418991,NTU_b01901001_q86,"2016-12-24 16:47:08",0.08612
418991,NTU_b01901001_q86,"2016-12-24 18:29:35",0.08613
419225,NTU_r05922148_那大家先決定隊名吧,"2016-12-24 19:06:42",0.09896
432855,thanterm,"2016-12-24 19:09:43",0.08348
417293,NTU_r04922108_哈根大隻,"2016-12-24 19:53:01",0.10526
429070,JakubZawiślak,"2016-12-24 22:30:16",0.00303
419289,NTU_b03202047_百變怪,"2016-12-25 01:27:01",0.11122
417293,NTU_r04922108_哈根大隻,"2016-12-25 06:07:21",0.11570
418375,NTU_b03902010_機率可以軟化邏輯小黃瓜,"2016-12-25 08:24:14",0.10673
418991,NTU_b01901001_q86,"2016-12-25 15:03:45",0.09887
418991,NTU_b01901001_q86,"2016-12-25 16:01:22",0.10299
417293,NTU_r04922108_哈根大隻,"2016-12-25 16:22:05",0.11648
418991,NTU_b01901001_q86,"2016-12-25 17:33:57",0.10325
438412,"Aidis Stukas","2016-12-25 21:00:57",0.05670
418862,NTU_b02901068_Benasonic,"2016-12-26 05:08:42",0.10980
418862,NTU_b02901068_Benasonic,"2016-12-26 05:49:03",0.10983
416173,NTU_r03921101_我是工具王,"2016-12-26 06:30:35",0.08920
438622,james6581,"2016-12-26 08:53:16",0.00237
415010,NTU_r04921002_RCL西老搞,"2016-12-26 09:21:39",0.09424
419289,NTU_b03202047_百變怪,"2016-12-26 09:57:09",0.11184
419289,NTU_b03202047_百變怪,"2016-12-26 10:19:12",0.11364
421837,NTU_r04921012_拔起來，要一百萬！,"2016-12-26 10:33:27",0.08603
421837,NTU_r04921012_拔起來，要一百萬！,"2016-12-26 10:38:58",0.18073
415010,NTU_r04921002_RCL西老搞,"2016-12-26 12:06:06",0.09450
419289,NTU_b03202047_百變怪,"2016-12-26 12:48:44",0.12299
416173,NTU_r03921101_我是工具王,"2016-12-26 13:10:45",0.09451
416843,"NTU_b02901053_Ayou7995 needs girlfriends plzContact（+886）918836002","2016-12-26 13:57:45",0.08485
418965,NTU_b02901028_肌棄踅襲,"2016-12-26 17:54:29",0.08651
438805,alexkeenan,"2016-12-26 18:40:13",0.01602
438886,RobsOnKaggle,"2016-12-26 19:38:16",0.04493
417661,NTU_b02901072_喬諳隊,"2016-12-26 20:37:10",0.08794
417293,NTU_r04922108_哈根大隻,"2016-12-26 23:38:44",0.12576
416173,NTU_r03921101_我是工具王,"2016-12-27 00:40:02",0.09584
416173,NTU_r03921101_我是工具王,"2016-12-27 00:40:20",0.09788
418965,NTU_b02901028_肌棄踅襲,"2016-12-27 02:36:46",0.08725
419241,NTU_r04943092_教授我好想畢業啊,"2016-12-27 06:58:01",0.08753
416173,NTU_r03921101_我是工具王,"2016-12-27 07:03:59",0.09905
419241,NTU_r04943092_教授我好想畢業啊,"2016-12-27 07:06:40",0.08764
421196,NTU_r05921004_FourPeople,"2016-12-27 07:08:22",0.10546
421122,NTU_b03901056_EE+CS,"2016-12-27 07:41:31",0.09037
421196,NTU_r05921004_FourPeople,"2016-12-27 09:13:23",0.10699
429070,JakubZawiślak,"2016-12-27 10:05:15",0.00329
418375,NTU_b03902010_機率可以軟化邏輯小黃瓜,"2016-12-27 10:47:26",0.10980
402432,sbrezani,"2016-12-27 11:09:02",0.08073
419157,"NTU_b03901133_Please Search and Like turtur&tuantuan Fanpage on FB","2016-12-27 12:15:07",0.08752
415010,NTU_r04921002_RCL西老搞,"2016-12-27 13:56:37",0.09804
419087,"NTU_r05942042_R20? Daikin R32 is the new trend! A___________A","2016-12-27 14:47:11",0.09509
417661,NTU_b02901072_喬諳隊,"2016-12-27 15:18:29",0.11528
438622,james6581,"2016-12-27 15:25:46",0.08453
438462,"Sotirios Nikoloutsopoulos","2016-12-27 16:17:48",0.00324
415010,NTU_r04921002_RCL西老搞,"2016-12-27 16:50:10",0.09865
438462,"Sotirios Nikoloutsopoulos","2016-12-27 17:05:35",0.00559
400833,5agado,"2016-12-27 17:12:27",0.03982
400833,5agado,"2016-12-27 17:50:54",0.06808
419157,"NTU_b03901133_Please Search and Like turtur&tuantuan Fanpage on FB","2016-12-27 19:41:34",0.09421
432855,thanterm,"2016-12-27 19:55:35",0.08493
419157,"NTU_b03901133_Please Search and Like turtur&tuantuan Fanpage on FB","2016-12-27 20:32:12",0.09545
437803,MichaelVoutas,"2016-12-27 20:39:53",0.06831
416843,"NTU_b02901053_Ayou7995 needs girlfriends plzContact（+886）918836002","2016-12-27 21:53:34",0.09311
416843,"NTU_b02901053_Ayou7995 needs girlfriends plzContact（+886）918836002","2016-12-27 22:16:45",0.09314
418965,NTU_b02901028_肌棄踅襲,"2016-12-27 23:08:20",0.08803
439432,"Amy Li","2016-12-27 23:18:09",0.08453
437803,MichaelVoutas,"2016-12-28 00:15:09",0.07213
417661,NTU_b02901072_喬諳隊,"2016-12-28 01:37:34",0.11797
417661,NTU_b02901072_喬諳隊,"2016-12-28 01:37:53",0.13232
438622,james6581,"2016-12-28 02:14:32",0.08603
417661,NTU_b02901072_喬諳隊,"2016-12-28 03:33:56",0.13494
418073,NTU_b02901086_0912124278宋董事長,"2016-12-28 03:34:29",0.08666
439508,VivekSingh,"2016-12-28 04:14:22",0.08563
419133,NTU_r04943150_乂↘㊣陳。識宇㊣↖乂,"2016-12-28 06:20:55",0.10487
438696,"Elisavet Liveriou","2016-12-28 07:26:11",0.00526
419157,"NTU_b03901133_Please Search and Like turtur&tuantuan Fanpage on FB","2016-12-28 07:28:00",0.09749
416173,NTU_r03921101_我是工具王,"2016-12-28 07:40:47",0.09935
419157,"NTU_b03901133_Please Search and Like turtur&tuantuan Fanpage on FB","2016-12-28 09:03:32",0.09884
438696,"Elisavet Liveriou","2016-12-28 09:28:54",0.00592
418073,NTU_b02901086_0912124278宋董事長,"2016-12-28 09:47:28",0.08723
419225,NTU_r05922148_那大家先決定隊名吧,"2016-12-28 10:27:24",0.10429
419225,NTU_r05922148_那大家先決定隊名吧,"2016-12-28 10:39:37",0.11020
437803,MichaelVoutas,"2016-12-28 11:31:42",0.07528
419225,NTU_r05922148_那大家先決定隊名吧,"2016-12-28 12:13:48",0.11683
439696,SpyrosKondylatos,"2016-12-28 12:22:49",0.05845
435599,SteliosEleotrivaris,"2016-12-28 12:55:37",0.00000
438462,"Sotirios Nikoloutsopoulos","2016-12-28 13:03:25",0.00589
418965,NTU_b02901028_肌棄踅襲,"2016-12-28 13:13:34",0.08819
435599,SteliosEleotrivaris,"2016-12-28 13:25:33",0.00349
435599,SteliosEleotrivaris,"2016-12-28 13:36:39",0.00378
400833,5agado,"2016-12-28 14:44:58",0.08115
400833,5agado,"2016-12-28 14:47:46",0.08412
419157,"NTU_b03901133_Please Search and Like turtur&tuantuan Fanpage on FB","2016-12-28 14:54:10",0.10301
415010,NTU_r04921002_RCL西老搞,"2016-12-28 15:21:18",0.09918
416173,NTU_r03921101_我是工具王,"2016-12-28 15:34:05",0.10021
418375,NTU_b03902010_機率可以軟化邏輯小黃瓜,"2016-12-28 16:02:22",0.11296
416173,NTU_r03921101_我是工具王,"2016-12-28 16:52:01",0.10132
435599,SteliosEleotrivaris,"2016-12-28 17:23:47",0.00587
419165,NTU_b02901001_好多好多柳丁腳踏車,"2016-12-28 18:03:23",0.11379
439852,ThomasJames9534,"2016-12-28 18:17:38",0.08559
439861,casio991,"2016-12-28 18:40:47",0.07777
419165,NTU_b02901001_好多好多柳丁腳踏車,"2016-12-28 18:48:47",0.11419
439861,casio991,"2016-12-28 18:57:23",0.08449
439861,casio991,"2016-12-28 19:08:27",0.08472
439844,PanagiotisKapsalis,"2016-12-28 19:09:49",0.00618
439861,casio991,"2016-12-28 19:26:12",0.08539
421122,NTU_b03901056_EE+CS,"2016-12-28 20:26:32",0.09249
411320,NoFilterNoMakeUp,"2016-12-28 21:49:34",0.02059
411320,NoFilterNoMakeUp,"2016-12-28 21:58:38",0.05951
439952,"Kira Huselius Gylling","2016-12-28 22:51:26",0.08017
439844,PanagiotisKapsalis,"2016-12-28 23:32:17",0.00751
419102,NTU_r04942070_進擊的邊緣人,"2016-12-28 23:32:39",0.10170
419102,NTU_r04942070_進擊的邊緣人,"2016-12-28 23:33:14",0.10690
419102,NTU_r04942070_進擊的邊緣人,"2016-12-28 23:36:50",0.10698
419102,NTU_r04942070_進擊的邊緣人,"2016-12-28 23:50:03",0.10803
438462,"Sotirios Nikoloutsopoulos","2016-12-29 00:01:25",0.00596
421196,NTU_r05921004_FourPeople,"2016-12-29 01:53:46",0.12519
419157,"NTU_b03901133_Please Search and Like turtur&tuantuan Fanpage on FB","2016-12-29 03:26:54",0.11453
421196,NTU_r05921004_FourPeople,"2016-12-29 05:21:37",0.12989
418375,NTU_b03902010_機率可以軟化邏輯小黃瓜,"2016-12-29 05:54:10",0.11792
418073,NTU_b02901086_0912124278宋董事長,"2016-12-29 05:58:44",0.08959
438696,"Elisavet Liveriou","2016-12-29 06:22:11",0.00723
421196,NTU_r05921004_FourPeople,"2016-12-29 06:25:24",0.13446
416173,NTU_r03921101_我是工具王,"2016-12-29 07:05:43",0.10715
419165,NTU_b02901001_好多好多柳丁腳踏車,"2016-12-29 07:08:05",0.11532
439861,casio991,"2016-12-29 07:46:28",0.08916
419157,"NTU_b03901133_Please Search and Like turtur&tuantuan Fanpage on FB","2016-12-29 07:58:12",0.11507
439861,casio991,"2016-12-29 08:51:49",0.09149
435599,SteliosEleotrivaris,"2016-12-29 08:54:16",0.00647
419157,"NTU_b03901133_Please Search and Like turtur&tuantuan Fanpage on FB","2016-12-29 09:04:38",0.11663
419165,NTU_b02901001_好多好多柳丁腳踏車,"2016-12-29 09:20:43",0.11682
440142,4funnyfoxes,"2016-12-29 10:02:21",0.00000
439852,ThomasJames9534,"2016-12-29 10:12:48",0.08636
438696,"Elisavet Liveriou","2016-12-29 10:14:36",0.00928
419165,NTU_b02901001_好多好多柳丁腳踏車,"2016-12-29 10:39:35",0.11999
440157,rnavarro,"2016-12-29 10:48:19",0.03492
418991,NTU_b01901001_q86,"2016-12-29 10:53:16",0.11673
439861,casio991,"2016-12-29 10:53:39",0.11217
415010,NTU_r04921002_RCL西老搞,"2016-12-29 11:08:43",0.10618
440168,"hasaki_taberu ","2016-12-29 11:22:28",0.11293
416635,"NTU_r04945041_願便斗託神以便便不絕之效; 不效, 都是they的罪, 全部抓去做花肥. 若無興廁之便, 則大吃大喝, 以充其源。便斗亦宜自嗑, 以諮諏屎道, 察納恭言, 深追屎帝遺臭, 神樂勝受嗯感激。  今當茅坑, 臨表便迄, 步吃所贏.  〈出屎表〉東京屎神·嗑易, 字出恭. 105.11.18（初版）","2016-12-29 11:40:21",0.08935
418375,NTU_b03902010_機率可以軟化邏輯小黃瓜,"2016-12-29 11:44:47",0.12584
418073,NTU_b02901086_0912124278宋董事長,"2016-12-29 12:42:27",0.11293
419157,"NTU_b03901133_Please Search and Like turtur&tuantuan Fanpage on FB","2016-12-29 12:49:36",0.11683
416843,"NTU_b02901053_Ayou7995 needs girlfriends plzContact（+886）918836002","2016-12-29 13:21:25",0.09763
418862,NTU_b02901068_Benasonic,"2016-12-29 13:29:38",0.11782
418991,NTU_b01901001_q86,"2016-12-29 13:42:40",0.12148
415010,NTU_r04921002_RCL西老搞,"2016-12-29 13:46:11",0.10755
419157,"NTU_b03901133_Please Search and Like turtur&tuantuan Fanpage on FB","2016-12-29 13:50:12",0.11765
440199,ablars,"2016-12-29 13:59:51",0.11660
419087,"NTU_r05942042_R20? Daikin R32 is the new trend! A___________A","2016-12-29 14:19:15",0.09704
416173,NTU_r03921101_我是工具王,"2016-12-29 14:57:40",0.10743
419087,"NTU_r05942042_R20? Daikin R32 is the new trend! A___________A","2016-12-29 15:02:37",0.10135
440199,ablars,"2016-12-29 15:11:47",0.11874
419087,"NTU_r05942042_R20? Daikin R32 is the new trend! A___________A","2016-12-29 15:23:30",0.10812
418965,NTU_b02901028_肌棄踅襲,"2016-12-29 15:38:19",0.08845
418073,NTU_b02901086_0912124278宋董事長,"2016-12-29 15:44:48",0.11874
419102,NTU_r04942070_進擊的邊緣人,"2016-12-29 15:48:31",0.11158
421196,NTU_r05921004_FourPeople,"2016-12-29 15:59:10",0.14163
419102,NTU_r04942070_進擊的邊緣人,"2016-12-29 16:04:48",0.11811
418073,NTU_b02901086_0912124278宋董事長,"2016-12-29 16:11:00",0.11958
419422,NTU_b03901057_XXXYYY什麼鬼都可以吧,"2016-12-29 16:27:23",0.09138
419225,NTU_r05922148_那大家先決定隊名吧,"2016-12-29 16:56:20",0.11928
419133,NTU_r04943150_乂↘㊣陳。識宇㊣↖乂,"2016-12-29 17:00:07",0.10507
418965,NTU_b02901028_肌棄踅襲,"2016-12-29 17:49:07",0.08868
419133,NTU_r04943150_乂↘㊣陳。識宇㊣↖乂,"2016-12-29 18:05:35",0.10511
416903,NTU_b02901115_博士的愛情攻勢,"2016-12-29 18:43:43",0.09173
437803,MichaelVoutas,"2016-12-30 00:07:32",0.07540
419157,"NTU_b03901133_Please Search and Like turtur&tuantuan Fanpage on FB","2016-12-30 02:17:16",0.11894
414969,"NTU_b02901004_hail jas","2016-12-30 02:30:45",0.15336
416903,NTU_b02901115_博士的愛情攻勢,"2016-12-30 03:19:57",0.09281
416903,NTU_b02901115_博士的愛情攻勢,"2016-12-30 06:00:37",0.10077
421122,NTU_b03901056_EE+CS,"2016-12-30 06:06:36",0.09451
414969,"NTU_b02901004_hail jas","2016-12-30 06:06:46",0.15708
415010,NTU_r04921002_RCL西老搞,"2016-12-30 06:12:17",0.11061
416913,NTU_b02901031_大🐔🐔,"2016-12-30 06:50:36",0.09857
414969,"NTU_b02901004_hail jas","2016-12-30 07:07:55",0.15954
421122,NTU_b03901056_EE+CS,"2016-12-30 07:10:56",0.09716
440630,chen,"2016-12-30 08:49:46",0.07796
421122,NTU_b03901056_EE+CS,"2016-12-30 09:22:12",0.11638
419133,NTU_r04943150_乂↘㊣陳。識宇㊣↖乂,"2016-12-30 09:24:15",0.10760
440630,chen,"2016-12-30 09:44:56",0.07810
421122,NTU_b03901056_EE+CS,"2016-12-30 09:51:12",0.11893
439852,ThomasJames9534,"2016-12-30 09:52:32",0.10076
421196,NTU_r05921004_FourPeople,"2016-12-30 09:52:51",0.14626
440630,chen,"2016-12-30 10:07:15",0.09322
437566,"John Lakkas","2016-12-30 10:22:48",0.00309
419133,NTU_r04943150_乂↘㊣陳。識宇㊣↖乂,"2016-12-30 10:40:44",0.10884
440660,lebron,"2016-12-30 10:45:43",0.09074
416843,"NTU_b02901053_Ayou7995 needs girlfriends plzContact（+886）918836002","2016-12-30 11:05:15",0.10718
440660,lebron,"2016-12-30 11:10:46",0.11098
440660,lebron,"2016-12-30 11:21:07",0.12600
416843,"NTU_b02901053_Ayou7995 needs girlfriends plzContact（+886）918836002","2016-12-30 11:21:10",0.10934
439852,ThomasJames9534,"2016-12-30 11:29:04",0.11494
416843,"NTU_b02901053_Ayou7995 needs girlfriends plzContact（+886）918836002","2016-12-30 11:39:03",0.12137
440687,juicebox7777,"2016-12-30 11:40:38",0.11142
416903,NTU_b02901115_博士的愛情攻勢,"2016-12-30 11:45:18",0.12458
416843,"NTU_b02901053_Ayou7995 needs girlfriends plzContact（+886）918836002","2016-12-30 12:03:00",0.12475
419133,NTU_r04943150_乂↘㊣陳。識宇㊣↖乂,"2016-12-30 12:15:43",0.11048
415010,NTU_r04921002_RCL西老搞,"2016-12-30 12:56:11",0.11304
415010,NTU_r04921002_RCL西老搞,"2016-12-30 12:59:08",0.11305
415010,NTU_r04921002_RCL西老搞,"2016-12-30 13:00:05",0.11782
428050,RafaLeo,"2016-12-30 13:56:20",0.07388
428050,RafaLeo,"2016-12-30 14:25:15",0.08537
416173,NTU_r03921101_我是工具王,"2016-12-30 15:14:54",0.10820
416173,NTU_r03921101_我是工具王,"2016-12-30 16:14:58",0.10836
438928,fkolokathi,"2016-12-30 17:10:22",0.02620
440838,marpapad,"2016-12-30 20:43:03",0.00770
438462,"Sotirios Nikoloutsopoulos","2016-12-30 21:54:21",0.00890
438462,"Sotirios Nikoloutsopoulos","2016-12-31 00:03:39",0.00924
421718,NTU_b03901027_寫code寫到海枯石爛滄海桑田,"2016-12-31 03:37:41",0.09257
417661,NTU_b02901072_喬諳隊,"2016-12-31 09:51:23",0.13566
438462,"Sotirios Nikoloutsopoulos","2016-12-31 11:45:51",0.00936
417661,NTU_b02901072_喬諳隊,"2016-12-31 12:24:20",0.13772
417661,NTU_b02901072_喬諳隊,"2016-12-31 13:18:32",0.14132
439844,PanagiotisKapsalis,"2016-12-31 13:30:51",0.00761
437566,"John Lakkas","2016-12-31 15:17:59",0.00550
437566,"John Lakkas","2016-12-31 16:16:35",0.02679
437566,"John Lakkas","2016-12-31 16:21:14",0.02844
441235,disputationist,"2017-01-01 00:47:27",0.00634
417661,NTU_b02901072_喬諳隊,"2017-01-01 08:03:39",0.14143
440366,GorAvakyan,"2017-01-01 10:16:32",0.00000
435599,SteliosEleotrivaris,"2017-01-01 18:02:18",0.06188
417661,NTU_b02901072_喬諳隊,"2017-01-01 19:36:56",0.14370
438928,fkolokathi,"2017-01-01 22:11:32",0.02694
438462,"Sotirios Nikoloutsopoulos","2017-01-02 01:36:27",0.01066
438462,"Sotirios Nikoloutsopoulos","2017-01-02 03:55:14",0.01092
438462,"Sotirios Nikoloutsopoulos","2017-01-02 03:59:06",0.01124
417661,NTU_b02901072_喬諳隊,"2017-01-02 07:32:57",0.14467
421837,NTU_r04921012_拔起來，要一百萬！,"2017-01-02 07:47:47",0.18134
439696,SpyrosKondylatos,"2017-01-02 09:54:19",0.07018
439696,SpyrosKondylatos,"2017-01-02 10:25:40",0.07641
411320,NoFilterNoMakeUp,"2017-01-02 11:23:52",0.06802
435599,SteliosEleotrivaris,"2017-01-02 11:27:30",0.06446
411320,NoFilterNoMakeUp,"2017-01-02 11:38:00",0.07185
411320,NoFilterNoMakeUp,"2017-01-02 11:45:02",0.07340
437803,MichaelVoutas,"2017-01-02 12:32:01",0.08905
439844,PanagiotisKapsalis,"2017-01-02 13:05:18",0.00764
438462,"Sotirios Nikoloutsopoulos","2017-01-02 14:00:46",0.01176
438696,"Elisavet Liveriou","2017-01-02 16:20:38",0.06021
441821,"Andrew Matteson","2017-01-02 16:57:51",0.08603
419225,NTU_r05922148_那大家先決定隊名吧,"2017-01-02 18:03:20",0.12512
438696,"Elisavet Liveriou","2017-01-02 19:19:53",0.06198
419225,NTU_r05922148_那大家先決定隊名吧,"2017-01-02 19:55:36",0.12560
437566,"John Lakkas","2017-01-02 21:04:38",0.03676
441828,alexKarvou,"2017-01-02 21:34:20",0.00000
437566,"John Lakkas","2017-01-02 22:03:10",0.04870
441943,"Leaderboard Name","2017-01-02 22:23:17",0.02873
438928,fkolokathi,"2017-01-02 22:41:20",0.06071
438462,"Sotirios Nikoloutsopoulos","2017-01-03 00:02:58",0.03873
438462,"Sotirios Nikoloutsopoulos","2017-01-03 01:02:55",0.06353
440927,"Ismael Tesisteco Felix","2017-01-03 01:31:19",0.08271
438462,"Sotirios Nikoloutsopoulos","2017-01-03 09:52:53",0.07220
439696,SpyrosKondylatos,"2017-01-03 11:13:29",0.07833
437566,"John Lakkas","2017-01-03 12:40:37",0.08588
439696,SpyrosKondylatos,"2017-01-03 12:47:52",0.11176
438928,fkolokathi,"2017-01-03 13:51:27",0.07292
442259,SzécsényiGergely,"2017-01-03 14:05:07",0.00000
439696,SpyrosKondylatos,"2017-01-03 15:02:57",0.12399
435862,DimitrisKaramanis,"2017-01-03 16:45:33",0.02467
442347,"Bojan Tunguz","2017-01-03 17:22:06",0.08603
424556,"wenchiho 2","2017-01-03 18:13:02",0.05485
442323,ic_sc,"2017-01-03 19:14:12",0.02418
435599,SteliosEleotrivaris,"2017-01-03 19:55:32",0.07997
419225,NTU_r05922148_那大家先決定隊名吧,"2017-01-03 20:54:20",0.12723
442323,ic_sc,"2017-01-03 21:05:21",0.02484
442323,ic_sc,"2017-01-03 21:39:53",0.02515
438928,fkolokathi,"2017-01-03 22:25:57",0.07426
419225,NTU_r05922148_那大家先決定隊名吧,"2017-01-04 08:10:30",0.13149
437803,MichaelVoutas,"2017-01-04 08:13:37",0.09539
437566,"John Lakkas","2017-01-04 08:20:32",0.08591
438696,"Elisavet Liveriou","2017-01-04 08:51:18",0.07085
440838,marpapad,"2017-01-04 09:27:58",0.00854
440838,marpapad,"2017-01-04 09:54:46",0.00859
438867,andropag,"2017-01-04 10:30:29",0.02503
438928,fkolokathi,"2017-01-04 11:46:02",0.07477
417661,NTU_b02901072_喬諳隊,"2017-01-04 14:14:38",0.14472
417661,NTU_b02901072_喬諳隊,"2017-01-04 15:04:09",0.14562
442932,AndrewSahalie,"2017-01-04 18:22:35",0.16840
435599,SteliosEleotrivaris,"2017-01-04 18:49:02",0.08272
442963,Gina,"2017-01-04 19:37:29",0.00000
438928,fkolokathi,"2017-01-04 21:15:19",0.07544
442323,ic_sc,"2017-01-04 22:03:27",0.02542
442948,"Room 007","2017-01-05 00:09:38",0.00000
442337,giotaeftaxia,"2017-01-05 00:11:49",0.06698
443059,vsmolyakov,"2017-01-05 00:18:02",0.08126
442932,AndrewSahalie,"2017-01-05 02:44:13",0.23547
438462,"Sotirios Nikoloutsopoulos","2017-01-05 02:56:07",0.07242
421196,NTU_r05921004_FourPeople,"2017-01-05 06:26:45",0.14665
421196,NTU_r05921004_FourPeople,"2017-01-05 07:45:55",0.14666
411320,NoFilterNoMakeUp,"2017-01-05 07:56:47",0.07377
421196,NTU_r05921004_FourPeople,"2017-01-05 08:52:29",0.14867
442727,KOEA,"2017-01-05 12:16:27",0.07966
439844,PanagiotisKapsalis,"2017-01-05 14:14:15",0.01211
440838,marpapad,"2017-01-05 14:56:08",0.02940
439696,SpyrosKondylatos,"2017-01-05 15:47:00",0.12983
423754,NTU_b03902130_trans,"2017-01-05 16:28:28",0.05670
418073,NTU_b02901086_0912124278宋董事長,"2017-01-05 16:53:19",0.11986
419225,NTU_r05922148_那大家先決定隊名吧,"2017-01-05 16:54:35",0.13199
443486,pribrata,"2017-01-05 17:15:58",0.12110
443486,pribrata,"2017-01-05 17:20:28",0.12120
438867,andropag,"2017-01-05 17:21:19",0.06680
439844,PanagiotisKapsalis,"2017-01-05 17:37:26",0.04026
440838,marpapad,"2017-01-05 17:43:33",0.07452
443491,"Winnie Kao","2017-01-05 17:44:19",0.06889
442932,AndrewSahalie,"2017-01-05 20:05:31",0.23947
443556,Sandeep,"2017-01-05 20:12:15",0.00000
439844,PanagiotisKapsalis,"2017-01-05 20:25:43",0.04678
438462,"Sotirios Nikoloutsopoulos","2017-01-05 20:36:35",0.08183
439844,PanagiotisKapsalis,"2017-01-05 20:46:18",0.04832
438928,fkolokathi,"2017-01-06 00:35:39",0.07910
442323,ic_sc,"2017-01-06 01:16:12",0.04864
414969,"NTU_b02901004_hail jas","2017-01-06 07:30:39",0.16059
414969,"NTU_b02901004_hail jas","2017-01-06 07:34:53",0.16064
418375,NTU_b03902010_機率可以軟化邏輯小黃瓜,"2017-01-06 07:35:41",0.13201
438696,"Elisavet Liveriou","2017-01-06 07:36:46",0.07087
440695,lefoS,"2017-01-06 08:18:15",0.00003
437803,MichaelVoutas,"2017-01-06 09:21:21",0.09765
442316,George,"2017-01-06 10:05:46",0.04186
443830,"Alejandro Mosquera","2017-01-06 10:59:30",0.20229
438867,andropag,"2017-01-06 11:13:42",0.06728
440695,lefoS,"2017-01-06 11:26:46",0.05827
439844,PanagiotisKapsalis,"2017-01-06 11:46:36",0.04909
438867,andropag,"2017-01-06 12:04:12",0.06843
438867,andropag,"2017-01-06 12:18:17",0.06845
443893,lesou,"2017-01-06 13:02:37",0.00088
435853,Tsaprailis,"2017-01-06 13:42:04",0.03235
443830,"Alejandro Mosquera","2017-01-06 13:49:38",0.20372
442727,KOEA,"2017-01-06 14:06:29",0.08000
438928,fkolokathi,"2017-01-06 14:40:01",0.07990
416843,"NTU_b02901053_Ayou7995 needs girlfriends plzContact（+886）918836002","2017-01-06 14:41:04",0.12760
437634,"Ilias Liapikos","2017-01-06 14:46:17",0.08602
442727,KOEA,"2017-01-06 15:04:44",0.08144
438462,"Sotirios Nikoloutsopoulos","2017-01-06 15:33:13",0.08524
438462,"Sotirios Nikoloutsopoulos","2017-01-06 15:42:35",0.08525
443965,"George Perakis","2017-01-06 15:58:34",0.09359
440838,marpapad,"2017-01-06 15:59:40",0.07552
443893,lesou,"2017-01-06 16:02:36",0.06314
439844,PanagiotisKapsalis,"2017-01-06 16:16:19",0.05475
442323,ic_sc,"2017-01-06 17:34:50",0.05017
444052,"Alexandros Tzi","2017-01-06 19:18:36",0.05482
435853,Tsaprailis,"2017-01-06 19:20:03",0.08067
444052,"Alexandros Tzi","2017-01-06 19:21:27",0.08603
444052,"Alexandros Tzi","2017-01-06 19:26:43",0.09365
444060,NK2017,"2017-01-06 19:37:29",0.00027
444062,Marion,"2017-01-06 19:43:12",0.07910
444060,NK2017,"2017-01-06 19:47:49",0.06709
444013,milion,"2017-01-06 19:50:22",0.00325
443026,"Evgenia Raikakou","2017-01-06 19:52:29",0.07886
444013,milion,"2017-01-06 20:17:33",0.01330
444092,Vivecstel,"2017-01-06 20:32:24",0.06920
444092,Vivecstel,"2017-01-06 20:45:16",0.07188
444092,Vivecstel,"2017-01-06 21:00:08",0.07358
444101,"George Choumos","2017-01-06 21:00:37",0.08234
444092,Vivecstel,"2017-01-06 21:14:55",0.07360
444126,elentina,"2017-01-06 22:07:55",0.08603
421196,NTU_r05921004_FourPeople,"2017-01-07 07:11:49",0.14883
421196,NTU_r05921004_FourPeople,"2017-01-07 07:47:36",0.15173
438622,james6581,"2017-01-07 12:25:11",0.18073
444654,geek4002,"2017-01-08 02:54:48",0.08017
433234,"Aleksei Solovev","2017-01-08 08:31:33",0.19048
444109,MarcinMatłacz,"2017-01-08 09:44:54",0.00060
444109,MarcinMatłacz,"2017-01-08 10:02:53",0.00445
444900,Ievgen,"2017-01-08 15:18:53",0.00383
444900,Ievgen,"2017-01-08 20:10:56",0.00550
445134,BharadwajT,"2017-01-09 04:46:48",0.01307
444109,MarcinMatłacz,"2017-01-09 07:08:34",0.04560
445609,sungjukwon,"2017-01-10 00:19:30",0.00005
445617,TianxinLiu,"2017-01-10 00:56:04",0.18073
435862,DimitrisKaramanis,"2017-01-10 05:30:00",0.05125
445134,BharadwajT,"2017-01-10 05:46:06",0.01360
445959,"Shaivi Kochar","2017-01-10 15:21:39",0.02292
445996,AbhishekBhatt,"2017-01-10 16:53:37",0.02134
445996,AbhishekBhatt,"2017-01-10 17:30:36",0.08140
445134,BharadwajT,"2017-01-10 17:33:39",0.01370
446443,oowfirst,"2017-01-11 10:38:27",0.00000
446443,oowfirst,"2017-01-11 10:43:44",0.18073
446566,Kotobotov,"2017-01-11 15:29:02",0.08478
445996,AbhishekBhatt,"2017-01-11 18:35:02",0.08590
445996,AbhishekBhatt,"2017-01-11 18:57:54",0.11474
445134,BharadwajT,"2017-01-11 19:37:49",0.01530
418073,NTU_b02901086_0912124278宋董事長,"2017-01-11 21:27:45",0.12141
417661,NTU_b02901072_喬諳隊,"2017-01-12 11:09:24",0.14568
446991,"Jeff Liu","2017-01-12 11:38:21",0.06743
446991,"Jeff Liu","2017-01-12 11:45:56",0.06775
418375,NTU_b03902010_機率可以軟化邏輯小黃瓜,"2017-01-12 12:37:48",0.13229
447028,"Juhua Huang","2017-01-12 13:19:17",0.00000
443491,"Winnie Kao","2017-01-12 16:49:01",0.10712
445959,"Shaivi Kochar","2017-01-12 17:26:45",0.07817
445134,BharadwajT,"2017-01-12 21:43:59",0.01969
418073,NTU_b02901086_0912124278宋董事長,"2017-01-13 02:17:24",0.12269
446991,"Jeff Liu","2017-01-13 04:20:16",0.08168
443737,Wei-Chia,"2017-01-13 06:49:16",0.07278
445959,"Shaivi Kochar","2017-01-13 06:51:06",0.11349
443737,Wei-Chia,"2017-01-13 07:06:01",0.07468
443737,Wei-Chia,"2017-01-13 07:09:08",0.07577
441943,"Leaderboard Name","2017-01-13 13:33:46",0.05734
419157,"NTU_b03901133_Please Search and Like turtur&tuantuan Fanpage on FB","2017-01-13 22:55:48",0.11894
445959,"Shaivi Kochar","2017-01-14 06:09:17",0.11465
449380,"Kyle Lange","2017-01-14 15:00:52",0.07407
418073,NTU_b02901086_0912124278宋董事長,"2017-01-14 15:37:39",0.13522
449527,"Boyko Karadzhov","2017-01-14 20:18:35",0.00000
443737,Wei-Chia,"2017-01-15 09:59:07",0.07635
449812,Cesc,"2017-01-15 12:01:14",0.18073
449864,"YI-LIN, SUNG","2017-01-15 14:08:04",0.04736
449984,rybick,"2017-01-15 18:29:22",0.03921
449984,rybick,"2017-01-15 18:39:47",0.03956
449984,rybick,"2017-01-15 18:48:10",0.03991
445609,sungjukwon,"2017-01-16 00:30:42",0.04989
418991,NTU_b01901001_q86,"2017-01-16 07:43:43",0.12214
449864,"YI-LIN, SUNG","2017-01-16 07:50:34",0.04764
442948,"Room 007","2017-01-16 18:08:11",0.05070
450866,"Jerry Kim","2017-01-17 05:42:17",0.07113
450866,"Jerry Kim","2017-01-17 05:56:07",0.15978
450866,"Jerry Kim","2017-01-17 06:13:34",0.18073
418991,NTU_b01901001_q86,"2017-01-17 12:15:39",0.12568
451053,"yunji kim","2017-01-17 14:16:16",0.08857
451077,"Alfie Davide","2017-01-17 14:58:34",0.09668
451077,"Alfie Davide","2017-01-17 15:04:30",0.10184
451077,"Alfie Davide","2017-01-17 15:09:39",0.10427
451077,"Alfie Davide","2017-01-17 15:15:49",0.10586
418991,NTU_b01901001_q86,"2017-01-17 18:35:20",0.13322
418991,NTU_b01901001_q86,"2017-01-17 19:21:58",0.13597
419225,NTU_r05922148_那大家先決定隊名吧,"2017-01-17 21:03:44",0.13228
451077,"Alfie Davide","2017-01-18 03:54:47",0.11321
416964,NTU_r05922062_崩潰研究生取暖團,"2017-01-18 04:30:02",0.11924
451077,"Alfie Davide","2017-01-18 04:35:49",0.11945
451077,"Alfie Davide","2017-01-18 04:40:01",0.14222
451457,nought,"2017-01-18 05:12:44",0.11683
451457,nought,"2017-01-18 05:13:53",0.11700
451457,nought,"2017-01-18 05:28:04",0.11996
416964,NTU_r05922062_崩潰研究生取暖團,"2017-01-18 05:45:40",0.11982
419225,NTU_r05922148_那大家先決定隊名吧,"2017-01-18 06:09:23",0.13770
440687,juicebox7777,"2017-01-18 07:47:27",0.11583
451516,melonbread,"2017-01-18 07:56:44",0.12190
419225,NTU_r05922148_那大家先決定隊名吧,"2017-01-18 07:58:07",0.13802
451516,melonbread,"2017-01-18 08:02:39",0.15658
440687,juicebox7777,"2017-01-18 08:24:27",0.11615
416843,"NTU_b02901053_Ayou7995 needs girlfriends plzContact（+886）918836002","2017-01-18 08:28:48",0.13198
451531,picklen,"2017-01-18 08:45:09",0.09612
451531,picklen,"2017-01-18 08:55:21",0.12129
451531,picklen,"2017-01-18 09:00:23",0.12207
451531,picklen,"2017-01-18 09:06:43",0.12343
418862,NTU_b02901068_Benasonic,"2017-01-18 09:18:34",0.11874
451531,picklen,"2017-01-18 09:22:03",0.14021
451566,Victorino,"2017-01-18 09:40:42",0.12307
451566,Victorino,"2017-01-18 09:52:50",0.12323
451566,Victorino,"2017-01-18 09:54:41",0.12368
451566,Victorino,"2017-01-18 10:11:01",0.12379
419225,NTU_r05922148_那大家先決定隊名吧,"2017-01-18 10:11:08",0.15233
416964,NTU_r05922062_崩潰研究生取暖團,"2017-01-18 10:12:54",0.12343
419225,NTU_r05922148_那大家先決定隊名吧,"2017-01-18 10:13:04",0.15278
451583,"Paul Pajo","2017-01-18 10:22:06",0.00000
418862,NTU_b02901068_Benasonic,"2017-01-18 11:03:34",0.11886
439852,ThomasJames9534,"2017-01-18 11:41:16",0.11530
439852,ThomasJames9534,"2017-01-18 11:45:19",0.11589
440687,juicebox7777,"2017-01-18 12:08:14",0.12025
416843,"NTU_b02901053_Ayou7995 needs girlfriends plzContact（+886）918836002","2017-01-18 12:31:09",0.13635
418991,NTU_b01901001_q86,"2017-01-18 12:37:16",0.13663
417293,NTU_r04922108_哈根大隻,"2017-01-18 23:07:16",0.12803
417293,NTU_r04922108_哈根大隻,"2017-01-18 23:07:41",0.13018
418073,NTU_b02901086_0912124278宋董事長,"2017-01-19 01:37:54",0.13729
417293,NTU_r04922108_哈根大隻,"2017-01-19 01:39:05",0.13020
440263,"Maxime Bellec","2017-01-19 14:03:47",0.05307
440263,"Maxime Bellec","2017-01-19 14:10:06",0.05907
419165,NTU_b02901001_好多好多柳丁腳踏車,"2017-01-19 15:48:15",0.12977
417293,NTU_r04922108_哈根大隻,"2017-01-19 16:51:28",0.13512
417293,NTU_r04922108_哈根大隻,"2017-01-19 17:14:45",0.13523
452586,thijsfans,"2017-01-19 23:52:06",0.13548
452586,thijsfans,"2017-01-19 23:52:50",0.13855
416913,NTU_b02901031_大🐔🐔,"2017-01-20 09:14:43",0.11763
416913,NTU_b02901031_大🐔🐔,"2017-01-20 09:15:44",0.11845
440263,"Maxime Bellec","2017-01-20 14:57:13",0.07129
453044,MotJuMi,"2017-01-20 18:19:40",0.05648
453247,domspad,"2017-01-21 03:18:27",0.00000
453247,domspad,"2017-01-21 05:51:36",0.07519
453247,domspad,"2017-01-21 05:54:41",0.08039
450866,"Jerry Kim","2017-01-21 06:11:35",0.22719
419225,NTU_r05922148_那大家先決定隊名吧,"2017-01-21 13:20:18",0.15450
449527,"Boyko Karadzhov","2017-01-21 23:04:56",0.04736
449527,"Boyko Karadzhov","2017-01-21 23:43:57",0.04799
449527,"Boyko Karadzhov","2017-01-22 00:15:52",0.05231
453247,domspad,"2017-01-22 05:38:36",0.08235
455413,PatrickChen,"2017-01-24 16:48:59",0.00000
456013,TAUN,"2017-01-24 18:01:43",0.00000
455455,"Kyryl Truskovskyi","2017-01-24 18:08:19",0.00000
456013,TAUN,"2017-01-24 21:02:29",0.01488
456013,TAUN,"2017-01-24 21:13:53",0.05307
456013,TAUN,"2017-01-25 11:00:31",0.08174
445134,BharadwajT,"2017-01-25 15:11:25",0.02224
445134,BharadwajT,"2017-01-25 15:17:28",0.02246
456013,TAUN,"2017-01-25 20:31:44",0.08331
434252,yd,"2017-01-25 21:03:53",0.05670
456013,TAUN,"2017-01-25 22:19:50",0.08489
434252,yd,"2017-01-26 09:24:28",0.08531
456013,TAUN,"2017-01-26 14:44:56",0.09726
442948,"Room 007","2017-01-26 23:32:40",0.07475
445134,BharadwajT,"2017-01-27 02:59:17",0.04597
445134,BharadwajT,"2017-01-27 03:53:35",0.04608
445134,BharadwajT,"2017-01-27 06:34:36",0.04911
457470,Ma,"2017-01-27 11:23:26",0.00000
457470,Ma,"2017-01-27 11:27:42",0.18073
457473,"Abhishek Ranjan","2017-01-27 11:57:05",0.08603
457807,saha6818,"2017-01-28 01:37:43",0.24266
442932,AndrewSahalie,"2017-01-28 03:22:16",0.24379
442932,AndrewSahalie,"2017-01-28 05:22:13",0.24442
456730,Kilorad,"2017-01-28 17:54:44",0.00014
457047,Ming,"2017-01-28 19:52:53",0.00000
442932,AndrewSahalie,"2017-01-28 23:24:58",0.25876
442932,AndrewSahalie,"2017-01-29 02:25:01",0.26787
456730,Kilorad,"2017-01-29 07:10:27",0.00017
453044,MotJuMi,"2017-01-29 07:57:57",0.08480
442948,"Room 007","2017-01-29 18:22:07",0.07487
396568,Satya,"2017-01-29 18:23:05",0.07813
456730,Kilorad,"2017-01-29 18:40:11",0.01053
442932,AndrewSahalie,"2017-01-29 20:19:39",0.26910
458730,MaciejOsowski,"2017-01-29 23:09:05",0.06872
458730,MaciejOsowski,"2017-01-29 23:32:49",0.07057
458730,MaciejOsowski,"2017-01-30 00:36:41",0.08032
458730,MaciejOsowski,"2017-01-30 13:54:29",0.08403
459201,Rushabh,"2017-01-30 18:30:40",0.00000
459215,SofianeMahiou,"2017-01-30 19:00:59",0.05670
456730,Kilorad,"2017-01-30 19:39:52",0.03114
456730,Kilorad,"2017-01-30 21:36:41",0.03154
458730,MaciejOsowski,"2017-01-31 00:19:58",0.08478
442932,AndrewSahalie,"2017-01-31 01:29:38",0.27789
456730,Kilorad,"2017-01-31 04:23:05",0.03525
459740,KhloudKhalid,"2017-01-31 13:54:35",0.00401
442932,AndrewSahalie,"2017-01-31 20:38:39",0.28193
442932,AndrewSahalie,"2017-02-01 04:31:22",0.28266
456730,Kilorad,"2017-02-01 06:45:40",0.16001
460265,Aabhi,"2017-02-01 13:38:59",0.08271
456730,Kilorad,"2017-02-01 15:04:33",0.28338
449380,"Kyle Lange","2017-02-02 03:47:16",0.08255
456730,Kilorad,"2017-02-02 05:51:42",0.36772
461357,CatherineBacon,"2017-02-02 09:22:51",0.07319
459740,KhloudKhalid,"2017-02-02 12:56:32",0.08057
449380,"Kyle Lange","2017-02-02 19:10:33",0.08255
457733,MoniqueBaitinga,"2017-02-03 12:43:56",0.03009
464701,er9213,"2017-02-03 15:52:44",0.07087
457440,"Naveen Mathew","2017-02-05 06:52:18",0.05670
467025,yatteiki,"2017-02-05 07:33:10",0.00000
467025,yatteiki,"2017-02-05 10:48:57",0.00027
467421,HimanshuSharma,"2017-02-05 14:22:10",0.08271
464492,PuneetPandey,"2017-02-05 14:37:25",0.00000
467644,Roberto,"2017-02-05 17:46:30",0.00000
464536,ArbabEjazi,"2017-02-05 17:46:46",0.07171
467025,yatteiki,"2017-02-06 04:51:18",0.01503
469356,KernelMustard,"2017-02-06 17:58:36",0.08412
467421,HimanshuSharma,"2017-02-06 18:08:45",0.18083
462436,"Nikita Vikhe","2017-02-07 22:22:09",0.06112
464492,PuneetPandey,"2017-02-08 11:09:11",0.08263
462436,"Nikita Vikhe","2017-02-08 16:15:37",0.21853
457733,MoniqueBaitinga,"2017-02-08 18:54:10",0.03286
475905,feixuejianhun,"2017-02-09 15:48:30",0.18075
457079,Ningxw,"2017-02-09 21:52:40",0.08491
477803,LeandroCruvinel,"2017-02-10 12:42:46",0.03166
477803,LeandroCruvinel,"2017-02-10 16:45:20",0.07500
456013,TAUN,"2017-02-10 16:46:51",0.09836
459215,SofianeMahiou,"2017-02-10 17:21:05",0.05939
459215,SofianeMahiou,"2017-02-10 17:22:50",0.05951
459215,SofianeMahiou,"2017-02-10 17:25:03",0.05958
418633,"W. Yifan","2017-02-11 05:10:40",0.16286
479369,"Aidarbek Suleymenov","2017-02-11 16:31:35",0.00288
479369,"Aidarbek Suleymenov","2017-02-11 16:40:08",0.00406
456013,TAUN,"2017-02-11 18:47:36",0.09851
456013,TAUN,"2017-02-11 19:53:05",0.10187
467644,Roberto,"2017-02-11 21:14:11",0.00361
479369,"Aidarbek Suleymenov","2017-02-12 12:10:18",0.00464
467644,Roberto,"2017-02-12 17:17:11",0.04752
477823,wilderpeople,"2017-02-12 17:51:08",0.20420
456824,HAC_Team,"2017-02-12 19:22:16",0.08271
481064,BombSquad,"2017-02-12 19:24:56",0.18046
456013,TAUN,"2017-02-12 20:13:31",0.10248
467644,Roberto,"2017-02-12 23:44:30",0.05087
456013,TAUN,"2017-02-13 00:09:11",0.11049
467644,Roberto,"2017-02-13 00:40:11",0.05381
467644,Roberto,"2017-02-13 01:16:31",0.05641
467644,Roberto,"2017-02-13 01:22:38",0.05737
467644,Roberto,"2017-02-13 01:44:08",0.05796
478339,AlexandraThayer,"2017-02-13 15:23:47",0.00000
480794,Markus28,"2017-02-13 17:14:57",0.00633
477135,"Steven Glembocki","2017-02-14 03:54:54",0.00000
484072,PawełKowalski,"2017-02-14 13:04:50",0.00000
484165,DarkNight,"2017-02-14 14:33:29",0.05670
484165,DarkNight,"2017-02-14 14:34:42",0.18073
477823,wilderpeople,"2017-02-14 15:01:54",0.21218
484243,bhushan,"2017-02-14 17:34:50",0.00000
455245,tris,"2017-02-14 18:46:49",0.05670
484072,PawełKowalski,"2017-02-14 20:28:08",0.04943
484625,Ivan,"2017-02-14 21:27:18",0.08404
484625,Ivan,"2017-02-14 21:34:11",0.08431
485664,Smorgaskag,"2017-02-15 20:33:24",0.07349
480963,HugoChu,"2017-02-15 20:34:52",0.06369
480507,dataninja,"2017-02-15 22:23:33",0.18099
467644,Roberto,"2017-02-16 00:18:39",0.05965
467644,Roberto,"2017-02-16 01:07:57",0.05991
485664,Smorgaskag,"2017-02-16 04:08:41",0.08095
487799,"Scorpio ","2017-02-16 15:38:53",0.08458
458730,MaciejOsowski,"2017-02-16 23:29:21",0.17296
458730,MaciejOsowski,"2017-02-16 23:43:24",0.17314
458730,MaciejOsowski,"2017-02-16 23:51:18",0.17764
489376,st_vg,"2017-02-17 08:38:58",0.00002
489273,"Enoch K","2017-02-17 23:14:36",0.08291
484802,ChenWang,"2017-02-17 23:18:16",0.00000
489273,"Enoch K","2017-02-17 23:36:57",0.18073
484802,ChenWang,"2017-02-17 23:37:37",0.00000
458730,MaciejOsowski,"2017-02-18 01:49:48",0.18016
464701,er9213,"2017-02-18 04:00:58",0.08435
467644,Roberto,"2017-02-18 17:20:21",0.06527
467644,Roberto,"2017-02-18 17:45:13",0.06567
467644,Roberto,"2017-02-18 17:52:58",0.06597
481064,BombSquad,"2017-02-18 18:19:13",0.18091
485664,Smorgaskag,"2017-02-18 21:53:34",0.14911
485664,Smorgaskag,"2017-02-18 21:58:31",0.15341
466370,Akter,"2017-02-18 22:20:20",0.08437
458730,MaciejOsowski,"2017-02-18 23:03:45",0.18479
485664,Smorgaskag,"2017-02-19 00:51:47",0.16435
485664,Smorgaskag,"2017-02-19 00:56:39",0.16626
485664,Smorgaskag,"2017-02-19 03:38:57",0.16952
485664,Smorgaskag,"2017-02-19 03:47:51",0.20890
492371,liupingguang,"2017-02-19 07:35:19",0.00000
491767,"Shubham Chandel","2017-02-19 11:09:02",0.08017
467644,Roberto,"2017-02-19 16:43:31",0.06604
484507,thomas,"2017-02-19 19:40:08",0.05180
451157,ahmedgc,"2017-02-19 20:57:26",0.00000
451157,ahmedgc,"2017-02-19 20:58:56",0.08456
484625,Ivan,"2017-02-19 21:25:32",0.12016
484072,PawełKowalski,"2017-02-20 00:31:45",0.05033
491622,"Michael Boker","2017-02-20 01:35:02",0.05670
492371,liupingguang,"2017-02-21 09:45:02",0.05670
492371,liupingguang,"2017-02-21 16:21:51",0.05734
497589,consigliere,"2017-02-21 23:30:50",0.17947
449380,"Kyle Lange","2017-02-22 03:22:18",0.09108
497773,xuxiaoyu,"2017-02-22 06:56:40",0.05648
489376,st_vg,"2017-02-23 08:14:30",0.07135
494564,kyriakos,"2017-02-23 12:17:27",0.00226
494564,kyriakos,"2017-02-23 12:31:59",0.00287
500775,"Shallow Learning","2017-02-23 14:23:16",0.18037
500981,"Hugo SECHIER","2017-02-23 16:02:16",0.03863
501120,Suplied,"2017-02-23 17:47:14",0.08271
491622,"Michael Boker","2017-02-24 03:56:28",0.07549
501921,Zarmeen,"2017-02-24 04:37:01",0.08412
501120,Suplied,"2017-02-24 09:39:27",0.18091
500981,"Hugo SECHIER","2017-02-24 13:17:55",0.04066
451157,ahmedgc,"2017-02-24 13:32:22",0.08488
455245,tris,"2017-02-24 14:18:35",0.06613
455245,tris,"2017-02-24 16:24:37",0.06795
501120,Suplied,"2017-02-24 16:25:37",0.18217
502799,tjohlenburg,"2017-02-24 16:42:59",0.15542
502799,tjohlenburg,"2017-02-24 17:19:50",0.15954
502799,tjohlenburg,"2017-02-24 17:28:07",0.16283
501606,matteoTosi,"2017-02-24 18:53:42",0.00860
500722,MasahiroSenda,"2017-02-25 06:49:20",0.05265
451157,ahmedgc,"2017-02-26 14:54:00",0.08715
451157,ahmedgc,"2017-02-26 14:56:02",0.08748
500189,Scarborough,"2017-02-26 15:32:44",0.05670
506121,Angrybaby,"2017-02-26 23:03:33",0.18091
443137,ziliwang,"2017-02-28 01:29:44",0.00000
443137,ziliwang,"2017-02-28 01:35:51",0.00260
455245,tris,"2017-02-28 10:06:29",0.08521
443137,ziliwang,"2017-02-28 10:55:36",0.03806
455245,tris,"2017-02-28 10:56:52",0.09674
402890,"Istvan Nagy","2017-02-28 21:28:56",0.22607
402890,"Istvan Nagy","2017-03-01 02:27:50",0.24868
484072,PawełKowalski,"2017-03-01 03:14:35",0.07992
402890,"Istvan Nagy","2017-03-01 09:09:11",0.25240
402890,"Istvan Nagy","2017-03-01 09:27:11",0.26008
443137,ziliwang,"2017-03-01 10:32:11",0.04954
402890,"Istvan Nagy","2017-03-01 11:19:17",0.26157
455245,tris,"2017-03-01 17:00:37",0.09697
455245,tris,"2017-03-01 17:28:01",0.09718
521565,WFWTL,"2017-03-02 00:08:53",0.18064
521565,WFWTL,"2017-03-02 00:49:24",0.18089
506300,gubobo,"2017-03-02 01:35:43",0.17947
513518,shifanbamboo,"2017-03-02 09:48:29",0.01493
443137,ziliwang,"2017-03-02 10:33:06",0.06480
511032,"Gautam Vadisala","2017-03-02 14:01:57",0.01853
511032,"Gautam Vadisala","2017-03-02 14:34:11",0.03245
514205,"David Prakash","2017-03-02 16:49:21",0.18193
514205,"David Prakash","2017-03-02 16:53:49",0.18266
513963,HaimFeldman,"2017-03-02 17:12:38",0.07046
513963,HaimFeldman,"2017-03-02 17:51:47",0.18271
457047,Ming,"2017-03-02 19:25:06",0.00001
514944,newgate,"2017-03-03 00:37:34",0.08439
514944,newgate,"2017-03-03 00:43:17",0.08491
514944,newgate,"2017-03-03 02:47:36",0.18091
515269,"Shen Chen","2017-03-03 04:35:03",0.07549
433234,"Aleksei Solovev","2017-03-03 05:46:30",0.19208
456730,Kilorad,"2017-03-03 07:04:59",0.93974
511032,"Gautam Vadisala","2017-03-03 09:14:43",0.05648
441705,epattaro,"2017-03-03 12:21:43",0.07722
457047,Ming,"2017-03-03 16:20:03",0.00003
511342,"Paul Larmuseau","2017-03-03 19:55:28",0.00025
516684,AshG9X,"2017-03-03 20:07:17",0.18267
501279,ChadColeman,"2017-03-03 22:17:33",0.00000
513964,yukinko1987,"2017-03-04 08:38:50",0.00000
496827,liangsong,"2017-03-04 16:42:06",0.00000
496827,liangsong,"2017-03-04 16:45:46",0.01936
517111,"datumsays ","2017-03-04 23:31:59",0.00015
518832,Vikramlance,"2017-03-05 05:17:15",0.08412
521565,WFWTL,"2017-03-05 14:56:21",0.18125
519120,"CeShine Lee","2017-03-05 15:27:54",0.07059
518941,robcollyer,"2017-03-05 15:48:38",0.08271
511342,"Paul Larmuseau","2017-03-05 18:42:26",0.00047
506121,Angrybaby,"2017-03-05 20:35:03",0.18266
502275,TeamX,"2017-03-06 08:53:50",0.18142
518941,robcollyer,"2017-03-06 12:07:11",0.08412
511032,"Gautam Vadisala","2017-03-06 12:20:29",0.05957
518941,robcollyer,"2017-03-06 13:11:24",0.08510
518941,robcollyer,"2017-03-06 13:19:26",0.08514
518941,robcollyer,"2017-03-06 13:31:01",0.08515
501279,ChadColeman,"2017-03-06 15:49:43",0.00004
501279,ChadColeman,"2017-03-06 16:05:47",0.00004
501279,ChadColeman,"2017-03-06 16:07:20",0.00006
486324,"Hemant Agarwal","2017-03-06 18:43:07",0.03216
501606,matteoTosi,"2017-03-06 21:50:09",0.01068
501279,ChadColeman,"2017-03-06 21:53:16",0.04066
509227,caomaocao,"2017-03-07 02:11:05",0.00002
486324,"Hemant Agarwal","2017-03-07 05:52:49",0.17988
518941,robcollyer,"2017-03-07 07:23:28",0.18102
522822,Camille,"2017-03-07 07:54:57",0.07747
402890,"Istvan Nagy","2017-03-07 15:16:51",0.27097
501279,ChadColeman,"2017-03-07 17:33:48",0.04227
501606,matteoTosi,"2017-03-07 19:33:26",0.01212
470252,Dave,"2017-03-08 08:51:51",0.00000
443137,ziliwang,"2017-03-08 10:06:09",0.15050
470252,Dave,"2017-03-08 10:48:59",0.00105
470252,Dave,"2017-03-08 11:06:05",0.07337
520623,itsasecret,"2017-03-08 14:29:01",0.04286
520623,itsasecret,"2017-03-08 14:33:56",0.18266
501606,matteoTosi,"2017-03-08 14:42:06",0.01635
457079,Ningxw,"2017-03-08 14:44:14",0.15654
457079,Ningxw,"2017-03-08 15:21:27",0.16536
514944,newgate,"2017-03-08 16:02:46",0.18130
457079,Ningxw,"2017-03-08 16:16:10",0.17143
492110,YifanJiang,"2017-03-08 16:46:05",0.07803
492110,YifanJiang,"2017-03-08 17:43:20",0.07962
492110,YifanJiang,"2017-03-08 17:55:33",0.17534
484072,PawełKowalski,"2017-03-09 03:12:10",0.10044
484072,PawełKowalski,"2017-03-09 03:19:56",0.10284
522320,SauravShekhar,"2017-03-09 06:58:01",0.00000
484072,PawełKowalski,"2017-03-09 11:07:08",0.12339
528573,Murph,"2017-03-09 13:30:05",0.18016
528573,Murph,"2017-03-09 13:35:50",0.18018
508138,"Kalhan Dhar","2017-03-09 13:39:33",0.00000
508138,"Kalhan Dhar","2017-03-09 13:40:31",0.00122
508138,"Kalhan Dhar","2017-03-09 18:00:17",0.02905
508138,"Kalhan Dhar","2017-03-09 18:29:09",0.03941
501606,matteoTosi,"2017-03-09 22:39:21",0.17782
515066,"Paulo Bueno","2017-03-10 02:42:26",0.06819
443137,ziliwang,"2017-03-10 07:16:12",0.16869
470252,Dave,"2017-03-10 09:36:55",0.08173
455465,Henry_Of_Course,"2017-03-10 09:40:26",0.00000
455465,Henry_Of_Course,"2017-03-10 09:54:44",0.02053
530842,YuchiMatsuoka,"2017-03-10 12:21:02",0.00000
455465,Henry_Of_Course,"2017-03-10 12:56:53",0.02900
523795,"Galen Yates","2017-03-10 21:06:32",0.15239
530189,SNARC,"2017-03-11 07:51:11",0.08505
484507,thomas,"2017-03-11 14:05:46",0.22402
479164,RiccardoLavelli,"2017-03-11 15:34:20",0.00000
455465,Henry_Of_Course,"2017-03-11 16:58:00",0.05129
455465,Henry_Of_Course,"2017-03-11 17:13:46",0.05835
508138,"Kalhan Dhar","2017-03-11 17:19:54",0.03943
455465,Henry_Of_Course,"2017-03-11 17:29:31",0.06404
455245,tris,"2017-03-11 18:06:39",0.09725
455245,tris,"2017-03-11 18:23:52",0.09746
455245,tris,"2017-03-11 21:44:31",0.09806
455465,Henry_Of_Course,"2017-03-11 23:13:12",0.07124
534442,wjfletcher91,"2017-03-12 00:07:30",0.05235
457079,Ningxw,"2017-03-12 02:32:39",0.18281
508529,"No Print Good Product","2017-03-12 02:57:03",0.08412
508529,"No Print Good Product","2017-03-12 03:43:30",0.08437
508529,"No Print Good Product","2017-03-12 04:20:23",0.08439
455465,Henry_Of_Course,"2017-03-12 11:54:44",0.07157
457079,Ningxw,"2017-03-12 13:42:03",0.18968
533680,"Nikita Anisimov","2017-03-12 13:43:19",0.06467
457079,Ningxw,"2017-03-12 14:54:44",0.18974
455465,Henry_Of_Course,"2017-03-12 15:02:03",0.07618
535516,HulkBulk,"2017-03-12 15:53:14",0.05670
455245,tris,"2017-03-12 19:41:33",0.09936
484507,thomas,"2017-03-12 20:55:54",0.24886
536107,Regreesioner,"2017-03-12 22:04:27",0.18266
455245,tris,"2017-03-12 22:47:32",0.10570
508529,"No Print Good Product","2017-03-13 02:17:12",0.08511
515066,"Paulo Bueno","2017-03-13 04:23:49",0.07666
537398,"Anita Rau","2017-03-13 12:48:05",0.18138
533301,"Karan Thakkar","2017-03-13 16:57:04",0.04622
534442,wjfletcher91,"2017-03-13 17:11:02",0.05295
533301,"Karan Thakkar","2017-03-13 17:19:33",0.05406
508529,"No Print Good Product","2017-03-13 18:05:39",0.08633
508529,"No Print Good Product","2017-03-13 18:33:08",0.08694
508529,"No Print Good Product","2017-03-13 18:58:05",0.08697
508529,"No Print Good Product","2017-03-13 19:35:54",0.08852
533954,RagnarLodbrok,"2017-03-13 21:21:23",0.00000
538998,AndrewPBell,"2017-03-14 05:38:38",0.07549
539037,shreemoyee,"2017-03-14 07:08:44",0.08270
539037,shreemoyee,"2017-03-14 07:20:10",0.08457
539715,omernivro,"2017-03-14 11:40:45",0.18130
456013,TAUN,"2017-03-14 13:27:19",0.19151
523491,RinaLin,"2017-03-14 15:45:02",0.06326
455245,tris,"2017-03-14 18:17:12",0.12438
455465,Henry_Of_Course,"2017-03-14 20:17:16",0.07640
514346,Test,"2017-03-14 22:32:18",0.00599
511342,"Paul Larmuseau","2017-03-14 23:33:13",0.05762
506121,Angrybaby,"2017-03-15 00:03:05",0.18305
506121,Angrybaby,"2017-03-15 00:09:10",0.18333
514346,Test,"2017-03-15 00:50:37",0.05276
568457,"Chris 2","2017-03-15 01:28:55",0.08433
514346,Test,"2017-03-15 01:37:11",0.97295
508529,"No Print Good Product","2017-03-15 02:40:58",0.08865
568457,"Chris 2","2017-03-15 09:23:54",0.08435
523316,sudgryakor,"2017-03-15 10:09:59",0.04144
415012,connectwithghosh,"2017-03-15 12:23:49",0.18266
554397,_Orange__Moon,"2017-03-15 13:48:33",0.18274
554397,_Orange__Moon,"2017-03-15 13:52:59",0.18310
455465,Henry_Of_Course,"2017-03-15 17:22:35",0.08075
542635,zeroonehacker,"2017-03-15 17:34:32",0.08457
542635,zeroonehacker,"2017-03-15 17:37:21",0.18266
455465,Henry_Of_Course,"2017-03-15 18:27:16",0.08177
543283,MenghanLi,"2017-03-15 21:09:26",0.18266
533954,RagnarLodbrok,"2017-03-15 22:07:25",0.04605
543937,Sung,"2017-03-16 01:35:19",0.08349
534442,wjfletcher91,"2017-03-16 02:26:13",0.07750
544472,shujian,"2017-03-16 05:31:23",0.18127
544472,shujian,"2017-03-16 05:39:02",0.18145
542082,"Tony Yau","2017-03-16 08:12:08",0.00000
455465,Henry_Of_Course,"2017-03-16 12:01:27",0.08214
455465,Henry_Of_Course,"2017-03-16 12:26:43",0.08218
542082,"Tony Yau","2017-03-16 12:41:10",0.08457
545694,TeamMa,"2017-03-16 14:55:20",0.18027
545694,TeamMa,"2017-03-16 14:57:50",0.18223
402890,"Istvan Nagy","2017-03-16 14:58:11",0.27493
534442,wjfletcher91,"2017-03-16 15:46:24",0.08433
508529,"No Print Good Product","2017-03-17 03:45:30",0.09061
508529,"No Print Good Product","2017-03-17 03:55:53",0.09071
508529,"No Print Good Product","2017-03-17 04:12:50",0.09076
508529,"No Print Good Product","2017-03-17 04:19:22",0.09115
451157,ahmedgc,"2017-03-17 17:14:53",0.08748
535520,Jyan,"2017-03-17 19:07:00",0.10029
536051,MineshJethva,"2017-03-17 20:26:23",0.18266
533954,RagnarLodbrok,"2017-03-17 21:42:43",0.11034
455245,tris,"2017-03-18 00:38:40",0.12506
550685,zhimu,"2017-03-18 02:14:36",0.00000
550029,"Leif Hancox-Li","2017-03-18 04:28:52",0.01336
520899,THLUO,"2017-03-18 05:48:04",0.24556
538084,Andrea,"2017-03-18 07:18:58",0.07694
538084,Andrea,"2017-03-18 07:47:14",0.09008
484802,ChenWang,"2017-03-18 12:56:17",0.06144
523316,sudgryakor,"2017-03-18 16:30:23",0.05946
455245,tris,"2017-03-18 17:57:25",0.12730
550029,"Leif Hancox-Li","2017-03-18 19:57:47",0.01483
533954,RagnarLodbrok,"2017-03-18 20:10:52",0.11119
455245,tris,"2017-03-18 20:27:09",0.12841
550029,"Leif Hancox-Li","2017-03-18 23:31:33",0.01648
508529,"No Print Good Product","2017-03-19 02:18:12",0.09119
520899,THLUO,"2017-03-19 03:11:50",0.25494
513518,shifanbamboo,"2017-03-19 04:05:08",0.08122
553628,"Team Dream of the Red Chamber","2017-03-19 08:53:28",0.08271
455245,tris,"2017-03-19 12:00:44",0.13255
456730,Kilorad,"2017-03-19 12:53:43",0.94087
456730,Kilorad,"2017-03-19 13:02:53",0.94198
456730,Kilorad,"2017-03-19 14:04:52",0.94635
523316,sudgryakor,"2017-03-19 15:03:55",0.08406
521110,samina,"2017-03-19 15:34:55",0.05670
523316,sudgryakor,"2017-03-19 16:23:32",0.09849
523316,sudgryakor,"2017-03-19 17:28:21",0.10900
550029,"Leif Hancox-Li","2017-03-19 18:49:17",0.01656
455465,Henry_Of_Course,"2017-03-19 21:21:12",0.08678
513518,shifanbamboo,"2017-03-19 21:23:45",0.11922
418633,"W. Yifan","2017-03-19 21:26:30",0.17000
418633,"W. Yifan","2017-03-19 21:40:59",0.17022
455465,Henry_Of_Course,"2017-03-19 21:43:02",0.08806
418633,"W. Yifan","2017-03-19 21:57:27",0.17146
534442,wjfletcher91,"2017-03-19 21:59:06",0.18266
486324,"Hemant Agarwal","2017-03-19 23:21:24",0.20765
513518,shifanbamboo,"2017-03-20 01:37:21",0.16297
513518,shifanbamboo,"2017-03-20 02:04:31",0.16406
550029,"Leif Hancox-Li","2017-03-20 04:44:51",0.01803
489160,alteest,"2017-03-20 05:10:59",0.00440
511032,"Gautam Vadisala","2017-03-20 08:01:18",0.06338
442101,"Mice Labs","2017-03-20 08:19:27",0.91404
455245,tris,"2017-03-20 12:26:12",0.13375
550029,"Leif Hancox-Li","2017-03-20 19:14:31",0.01945
550029,"Leif Hancox-Li","2017-03-20 20:21:57",0.01954
550029,"Leif Hancox-Li","2017-03-20 21:51:52",0.02327
557727,doyoulovepython?,"2017-03-20 23:35:48",0.18082
557727,doyoulovepython?,"2017-03-20 23:36:42",0.18266
557930,"Philip Xiao","2017-03-21 02:03:45",0.00000
557962,"siqi ruan","2017-03-21 06:30:10",0.06735
557962,"siqi ruan","2017-03-21 06:48:35",0.18150
479123,#'\\,"2017-03-21 18:21:16",0.03649
484625,Ivan,"2017-03-21 21:35:30",0.15267
455245,tris,"2017-03-21 21:42:54",0.13487
455245,tris,"2017-03-21 21:55:30",0.13530
560499,CVegas,"2017-03-22 02:25:20",0.18266
483224,RyanSmith,"2017-03-22 05:03:27",0.08271
550029,"Leif Hancox-Li","2017-03-22 06:18:04",0.02380
523181,絡,"2017-03-22 07:33:37",0.14623
481064,BombSquad,"2017-03-22 07:50:51",0.20451
523181,絡,"2017-03-22 08:23:19",0.15995
455245,tris,"2017-03-22 12:33:36",0.13589
542082,"Tony Yau","2017-03-22 13:07:50",0.17929
455245,tris,"2017-03-22 14:19:24",0.13614
484625,Ivan,"2017-03-22 16:15:37",0.15615
484507,thomas,"2017-03-22 21:01:12",0.26883
455465,Henry_Of_Course,"2017-03-22 21:30:20",0.08871
442347,"Bojan Tunguz","2017-03-22 22:23:50",0.18130
442347,"Bojan Tunguz","2017-03-22 22:25:54",0.18266
483220,ColeyPoleyOley,"2017-03-22 22:52:22",0.05003
483220,ColeyPoleyOley,"2017-03-22 22:59:40",0.06126
550029,"Leif Hancox-Li","2017-03-23 00:09:42",0.02385
483223,MihirSavla,"2017-03-23 01:33:20",0.07375
542082,"Tony Yau","2017-03-23 06:18:02",0.19005
455245,tris,"2017-03-23 08:14:13",0.13718
484625,Ivan,"2017-03-23 08:17:18",0.20579
563016,ObserverL,"2017-03-23 08:44:25",0.00000
484625,Ivan,"2017-03-23 10:05:21",0.20602
533301,"Karan Thakkar","2017-03-23 10:33:21",0.18018
455245,tris,"2017-03-23 11:28:24",0.13850
483220,ColeyPoleyOley,"2017-03-23 12:07:11",0.06459
563016,ObserverL,"2017-03-23 12:14:37",0.13107
563016,ObserverL,"2017-03-23 12:34:44",0.19199
455245,tris,"2017-03-23 12:37:48",0.13862
455465,Henry_Of_Course,"2017-03-23 14:45:56",0.08956
469356,KernelMustard,"2017-03-23 19:40:25",0.08560
483220,ColeyPoleyOley,"2017-03-23 20:09:35",0.06777
563016,ObserverL,"2017-03-24 00:59:09",0.19209
485165,Lixiaojuan,"2017-03-24 05:51:55",0.05506
410636,"Mathurin Aché","2017-03-24 07:32:53",0.18130
545694,TeamMa,"2017-03-24 08:36:17",0.20652
479123,#'\\,"2017-03-24 08:41:03",0.05129
479123,#'\\,"2017-03-24 08:44:32",0.05702
455245,tris,"2017-03-24 08:54:17",0.14079
523181,絡,"2017-03-24 11:19:44",0.16004
455245,tris,"2017-03-24 11:26:46",0.14541
469356,KernelMustard,"2017-03-24 11:29:08",0.08884
545694,TeamMa,"2017-03-24 11:36:46",0.21166
455245,tris,"2017-03-24 12:25:04",0.14801
405374,AissaElOuafi,"2017-03-24 20:10:58",0.18145
484625,Ivan,"2017-03-24 20:39:33",0.20917
484625,Ivan,"2017-03-24 20:57:48",0.21369
539882,Shawn,"2017-03-25 09:09:57",0.06270
484625,Ivan,"2017-03-25 13:24:37",0.21614
568205,Test-Rambo6,"2017-03-25 13:29:33",0.08119
484625,Ivan,"2017-03-25 13:41:08",0.22155
539882,Shawn,"2017-03-25 14:48:31",0.06318
568205,Test-Rambo6,"2017-03-25 15:04:35",0.08412
568612,TestRambo5,"2017-03-25 15:20:57",0.03189
425462,insist,"2017-03-25 16:25:38",0.18130
568698,mlong725,"2017-03-25 16:40:51",0.00924
568698,mlong725,"2017-03-25 16:43:33",0.05464
455245,tris,"2017-03-25 17:17:13",0.15871
556723,mihaitensor,"2017-03-25 18:58:25",0.05406
483235,ChristopherHouze,"2017-03-25 19:30:29",0.03151
521565,WFWTL,"2017-03-25 21:43:19",0.18130
482411,hannewhitt,"2017-03-25 22:29:09",0.08267
482411,hannewhitt,"2017-03-25 22:55:23",0.08412
556723,mihaitensor,"2017-03-25 23:09:00",0.05896
479123,#'\\,"2017-04-05 03:18:51",0.05875
